2026-07-01 10:31:27,685: Logging to C:\GitHub\climate-change\NeuralHydrology\rq3_finetune\runs\rq3_scratch_basin_01022500_0107_103127\output.log initialized.
2026-07-01 10:31:27,685: ### Folder structure created at C:\GitHub\climate-change\NeuralHydrology\rq3_finetune\runs\rq3_scratch_basin_01022500_0107_103127
2026-07-01 10:31:27,685: ### Run configurations for rq3_scratch_basin_01022500
2026-07-01 10:31:27,686: experiment_name: rq3_scratch_basin_01022500
2026-07-01 10:31:27,686: train_basin_file: C:\GitHub\climate-change\NeuralHydrology\rq3_finetune\basin_lists_multibasin\basin_01022500.txt
2026-07-01 10:31:27,686: validation_basin_file: C:\GitHub\climate-change\NeuralHydrology\rq3_finetune\basin_lists_multibasin\basin_01022500.txt
2026-07-01 10:31:27,696: test_basin_file: C:\GitHub\climate-change\NeuralHydrology\rq3_finetune\basin_lists_multibasin\basin_01022500.txt
2026-07-01 10:31:27,696: train_start_date: 1999-10-01 00:00:00
2026-07-01 10:31:27,697: train_end_date: 2008-09-30 00:00:00
2026-07-01 10:31:27,697: validation_start_date: 1980-10-01 00:00:00
2026-07-01 10:31:27,697: validation_end_date: 1989-09-30 00:00:00
2026-07-01 10:31:27,697: test_start_date: 1989-10-01 00:00:00
2026-07-01 10:31:27,697: test_end_date: 1999-09-30 00:00:00
2026-07-01 10:31:27,697: device: cpu
2026-07-01 10:31:27,698: validate_every: 3
2026-07-01 10:31:27,698: validate_n_random_basins: 1
2026-07-01 10:31:27,698: metrics: ['NSE', 'KGE']
2026-07-01 10:31:27,698: model: cudalstm
2026-07-01 10:31:27,698: head: regression
2026-07-01 10:31:27,698: output_activation: linear
2026-07-01 10:31:27,698: hidden_size: 64
2026-07-01 10:31:27,698: initial_forget_bias: 3
2026-07-01 10:31:27,698: output_dropout: 0.4
2026-07-01 10:31:27,698: optimizer: Adam
2026-07-01 10:31:27,698: loss: NSE
2026-07-01 10:31:27,699: learning_rate: {0: 0.0005, 2: 5e-05}
2026-07-01 10:31:27,699: epochs: 10
2026-07-01 10:31:27,699: batch_size: 256
2026-07-01 10:31:27,699: clip_gradient_norm: 1
2026-07-01 10:31:27,699: predict_last_n: 1
2026-07-01 10:31:27,699: seq_length: 365
2026-07-01 10:31:27,699: num_workers: 0
2026-07-01 10:31:27,699: log_interval: 5
2026-07-01 10:31:27,699: log_tensorboard: False
2026-07-01 10:31:27,699: save_weights_every: 1
2026-07-01 10:31:27,700: save_validation_results: True
2026-07-01 10:31:27,700: dataset: camels_us
2026-07-01 10:31:27,700: data_dir: C:\GitHub\climate-change\NeuralHydrology\data\CAMELS_US
2026-07-01 10:31:27,700: forcings: ['daymet']
2026-07-01 10:31:27,700: dynamic_inputs: ['prcp(mm/day)', 'srad(W/m2)', 'tmax(C)', 'tmin(C)', 'vp(Pa)']
2026-07-01 10:31:27,700: static_attributes: []
2026-07-01 10:31:27,700: target_variables: ['QObs(mm/d)']
2026-07-01 10:31:27,701: clip_targets_to_zero: ['QObs(mm/d)']
2026-07-01 10:31:27,701: seed: 1001
2026-07-01 10:31:27,701: number_of_basins: 1
2026-07-01 10:31:27,701: run_dir: C:\GitHub\climate-change\NeuralHydrology\rq3_finetune\runs\rq3_scratch_basin_01022500_0107_103127
2026-07-01 10:31:27,701: train_dir: C:\GitHub\climate-change\NeuralHydrology\rq3_finetune\runs\rq3_scratch_basin_01022500_0107_103127\train_data
2026-07-01 10:31:27,701: img_log_dir: C:\GitHub\climate-change\NeuralHydrology\rq3_finetune\runs\rq3_scratch_basin_01022500_0107_103127\img_log
2026-07-01 10:31:27,704: ### Device cpu will be used for training
2026-07-01 10:31:27,705: Loading basin data into xarray data set.
2026-07-01 10:31:27,808: Calculating target variable stds per basin
2026-07-01 10:31:27,814: Create lookup table and convert to pytorch tensor
2026-07-01 10:31:33,043: Epoch 1 average loss: avg_loss: 0.13140, avg_total_loss: 0.13140
2026-07-01 10:31:33,049: Setting learning rate to 5e-05
2026-07-01 10:31:35,168: Epoch 2 average loss: avg_loss: 0.12050, avg_total_loss: 0.12050
2026-07-01 10:31:37,284: Epoch 3 average loss: avg_loss: 0.11614, avg_total_loss: 0.11614
2026-07-01 10:31:38,031: Stored metrics at C:\GitHub\climate-change\NeuralHydrology\rq3_finetune\runs\rq3_scratch_basin_01022500_0107_103127\validation\model_epoch003\validation_metrics.csv
2026-07-01 10:31:38,032: Stored results at C:\GitHub\climate-change\NeuralHydrology\rq3_finetune\runs\rq3_scratch_basin_01022500_0107_103127\validation\model_epoch003\validation_results.p
2026-07-01 10:31:38,032: Epoch 3 average validation loss: 0.11947 -- Median validation metrics: avg_loss: 0.11947, NSE: 0.14806, KGE: 0.08492
2026-07-01 10:31:40,160: Epoch 4 average loss: avg_loss: 0.11464, avg_total_loss: 0.11464
2026-07-01 10:31:42,226: Epoch 5 average loss: avg_loss: 0.11230, avg_total_loss: 0.11230
2026-07-01 10:31:44,233: Epoch 6 average loss: avg_loss: 0.11202, avg_total_loss: 0.11202
2026-07-01 10:31:44,587: Stored metrics at C:\GitHub\climate-change\NeuralHydrology\rq3_finetune\runs\rq3_scratch_basin_01022500_0107_103127\validation\model_epoch006\validation_metrics.csv
2026-07-01 10:31:44,588: Stored results at C:\GitHub\climate-change\NeuralHydrology\rq3_finetune\runs\rq3_scratch_basin_01022500_0107_103127\validation\model_epoch006\validation_results.p
2026-07-01 10:31:44,588: Epoch 6 average validation loss: 0.11520 -- Median validation metrics: avg_loss: 0.11520, NSE: 0.17783, KGE: 0.12029
2026-07-01 10:31:46,748: Epoch 7 average loss: avg_loss: 0.10970, avg_total_loss: 0.10970
2026-07-01 10:31:48,817: Epoch 8 average loss: avg_loss: 0.10824, avg_total_loss: 0.10824
2026-07-01 10:31:50,998: Epoch 9 average loss: avg_loss: 0.10557, avg_total_loss: 0.10557
2026-07-01 10:31:51,545: Stored metrics at C:\GitHub\climate-change\NeuralHydrology\rq3_finetune\runs\rq3_scratch_basin_01022500_0107_103127\validation\model_epoch009\validation_metrics.csv
2026-07-01 10:31:51,546: Stored results at C:\GitHub\climate-change\NeuralHydrology\rq3_finetune\runs\rq3_scratch_basin_01022500_0107_103127\validation\model_epoch009\validation_results.p
2026-07-01 10:31:51,547: Epoch 9 average validation loss: 0.11237 -- Median validation metrics: avg_loss: 0.11237, NSE: 0.19775, KGE: 0.15312
2026-07-01 10:31:53,613: Epoch 10 average loss: avg_loss: 0.10425, avg_total_loss: 0.10425
2026-07-01 10:31:53,641: Logging to C:\GitHub\climate-change\NeuralHydrology\rq3_finetune\runs\rq3_finetuned_basin_01022500_0107_103153\output.log initialized.
2026-07-01 10:31:53,641: ### Folder structure created at C:\GitHub\climate-change\NeuralHydrology\rq3_finetune\runs\rq3_finetuned_basin_01022500_0107_103153
2026-07-01 10:31:53,641: ### Start finetuning with pretrained model stored in C:\GitHub\climate-change\runs\rq3_base_global_3006_154109
2026-07-01 10:31:53,641: ### Run configurations for rq3_finetuned_basin_01022500
2026-07-01 10:31:53,642: batch_size: 256
2026-07-01 10:31:53,642: clip_gradient_norm: 1
2026-07-01 10:31:53,642: clip_targets_to_zero: ['QObs(mm/d)']
2026-07-01 10:31:53,642: commit_hash: None
2026-07-01 10:31:53,642: data_dir: C:\GitHub\climate-change\NeuralHydrology\data\CAMELS_US
2026-07-01 10:31:53,642: dataset: camels_us
2026-07-01 10:31:53,642: device: cpu
2026-07-01 10:31:53,642: dynamic_inputs: ['prcp(mm/day)', 'srad(W/m2)', 'tmax(C)', 'tmin(C)', 'vp(Pa)']
2026-07-01 10:31:53,642: epochs: 10
2026-07-01 10:31:53,642: experiment_name: rq3_finetuned_basin_01022500
2026-07-01 10:31:53,643: forcings: ['daymet']
2026-07-01 10:31:53,643: head: regression
2026-07-01 10:31:53,643: hidden_size: 64
2026-07-01 10:31:53,643: img_log_dir: C:\GitHub\climate-change\NeuralHydrology\rq3_finetune\runs\rq3_finetuned_basin_01022500_0107_103153\img_log
2026-07-01 10:31:53,643: initial_forget_bias: 3
2026-07-01 10:31:53,643: learning_rate: {0: 0.0005, 2: 5e-05}
2026-07-01 10:31:53,643: log_interval: 5
2026-07-01 10:31:53,643: log_tensorboard: False
2026-07-01 10:31:53,643: loss: NSE
2026-07-01 10:31:53,643: metrics: ['NSE', 'KGE']
2026-07-01 10:31:53,643: model: cudalstm
2026-07-01 10:31:53,643: num_workers: 0
2026-07-01 10:31:53,644: number_of_basins: 1
2026-07-01 10:31:53,644: optimizer: Adam
2026-07-01 10:31:53,644: output_activation: linear
2026-07-01 10:31:53,644: output_dropout: 0.4
2026-07-01 10:31:53,644: package_version: 1.13.0
2026-07-01 10:31:53,644: predict_last_n: 1
2026-07-01 10:31:53,644: run_dir: C:\GitHub\climate-change\NeuralHydrology\rq3_finetune\runs\rq3_finetuned_basin_01022500_0107_103153
2026-07-01 10:31:53,644: save_validation_results: True
2026-07-01 10:31:53,644: save_weights_every: 1
2026-07-01 10:31:53,644: seed: 1001
2026-07-01 10:31:53,645: seq_length: 365
2026-07-01 10:31:53,645: static_attributes: ['elev_mean', 'slope_mean', 'area_gages2', 'frac_forest', 'lai_max', 'lai_diff', 'gvf_max', 'gvf_diff', 'soil_depth_pelletier', 'soil_depth_statsgo', 'soil_porosity', 'soil_conductivity', 'max_water_content', 'sand_frac', 'silt_frac', 'clay_frac', 'carbonate_rocks_frac', 'geol_permeability', 'p_mean', 'pet_mean', 'aridity', 'frac_snow', 'high_prec_freq', 'high_prec_dur', 'low_prec_freq', 'low_prec_dur']
2026-07-01 10:31:53,645: target_variables: ['QObs(mm/d)']
2026-07-01 10:31:53,645: test_basin_file: C:\GitHub\climate-change\NeuralHydrology\rq3_finetune\basin_lists_multibasin\basin_01022500.txt
2026-07-01 10:31:53,645: test_end_date: 1999-09-30 00:00:00
2026-07-01 10:31:53,645: test_start_date: 1989-10-01 00:00:00
2026-07-01 10:31:53,645: train_basin_file: C:\GitHub\climate-change\NeuralHydrology\rq3_finetune\basin_lists_multibasin\basin_01022500.txt
2026-07-01 10:31:53,645: train_dir: C:\GitHub\climate-change\NeuralHydrology\rq3_finetune\runs\rq3_finetuned_basin_01022500_0107_103153\train_data
2026-07-01 10:31:53,645: train_end_date: 2008-09-30 00:00:00
2026-07-01 10:31:53,645: train_start_date: 1999-10-01 00:00:00
2026-07-01 10:31:53,645: validate_every: 3
2026-07-01 10:31:53,646: validate_n_random_basins: 10
2026-07-01 10:31:53,646: validation_basin_file: C:\GitHub\climate-change\NeuralHydrology\rq3_finetune\basin_lists_multibasin\basin_01022500.txt
2026-07-01 10:31:53,646: validation_end_date: 1989-09-30 00:00:00
2026-07-01 10:31:53,646: validation_start_date: 1980-10-01 00:00:00
2026-07-01 10:31:53,646: finetune_modules: ['head', 'lstm']
2026-07-01 10:31:53,646: base_run_dir: C:\GitHub\climate-change\runs\rq3_base_global_3006_154109
2026-07-01 10:31:53,646: is_finetuning: True
2026-07-01 10:31:53,646: is_continue_training: False
2026-07-01 10:31:53,649: ### Device cpu will be used for training
2026-07-01 10:31:53,691: Loading basin data into xarray data set.
2026-07-01 10:31:53,787: Calculating target variable stds per basin
2026-07-01 10:31:53,790: Create lookup table and convert to pytorch tensor
2026-07-01 10:31:53,818: Starting training from checkpoint C:\GitHub\climate-change\runs\rq3_base_global_3006_154109\model_epoch003.pt
2026-07-01 10:31:56,162: Epoch 1 average loss: avg_loss: 0.01143, avg_total_loss: 0.01143
2026-07-01 10:31:56,166: Setting learning rate to 5e-05
2026-07-01 10:31:58,401: Epoch 2 average loss: avg_loss: 0.00920, avg_total_loss: 0.00920
2026-07-01 10:32:00,565: Epoch 3 average loss: avg_loss: 0.00937, avg_total_loss: 0.00937
2026-07-01 10:32:01,123: Stored metrics at C:\GitHub\climate-change\NeuralHydrology\rq3_finetune\runs\rq3_finetuned_basin_01022500_0107_103153\validation\model_epoch003\validation_metrics.csv
2026-07-01 10:32:01,124: Stored results at C:\GitHub\climate-change\NeuralHydrology\rq3_finetune\runs\rq3_finetuned_basin_01022500_0107_103153\validation\model_epoch003\validation_results.p
2026-07-01 10:32:01,125: Epoch 3 average validation loss: 0.01393 -- Median validation metrics: avg_loss: 0.01393, NSE: 0.80458, KGE: 0.85711
2026-07-01 10:32:03,406: Epoch 4 average loss: avg_loss: 0.00906, avg_total_loss: 0.00906
2026-07-01 10:32:05,548: Epoch 5 average loss: avg_loss: 0.00898, avg_total_loss: 0.00898
2026-07-01 10:32:07,840: Epoch 6 average loss: avg_loss: 0.00973, avg_total_loss: 0.00973
2026-07-01 10:32:08,419: Stored metrics at C:\GitHub\climate-change\NeuralHydrology\rq3_finetune\runs\rq3_finetuned_basin_01022500_0107_103153\validation\model_epoch006\validation_metrics.csv
2026-07-01 10:32:08,420: Stored results at C:\GitHub\climate-change\NeuralHydrology\rq3_finetune\runs\rq3_finetuned_basin_01022500_0107_103153\validation\model_epoch006\validation_results.p
2026-07-01 10:32:08,421: Epoch 6 average validation loss: 0.01406 -- Median validation metrics: avg_loss: 0.01406, NSE: 0.80319, KGE: 0.85587
2026-07-01 10:32:10,594: Epoch 7 average loss: avg_loss: 0.00823, avg_total_loss: 0.00823
2026-07-01 10:32:12,879: Epoch 8 average loss: avg_loss: 0.00839, avg_total_loss: 0.00839
2026-07-01 10:32:15,090: Epoch 9 average loss: avg_loss: 0.00875, avg_total_loss: 0.00875
2026-07-01 10:32:15,526: Stored metrics at C:\GitHub\climate-change\NeuralHydrology\rq3_finetune\runs\rq3_finetuned_basin_01022500_0107_103153\validation\model_epoch009\validation_metrics.csv
2026-07-01 10:32:15,526: Stored results at C:\GitHub\climate-change\NeuralHydrology\rq3_finetune\runs\rq3_finetuned_basin_01022500_0107_103153\validation\model_epoch009\validation_results.p
2026-07-01 10:32:15,526: Epoch 9 average validation loss: 0.01395 -- Median validation metrics: avg_loss: 0.01395, NSE: 0.80423, KGE: 0.86293
2026-07-01 10:32:17,871: Epoch 10 average loss: avg_loss: 0.00837, avg_total_loss: 0.00837
2026-07-01 10:32:17,905: Using the model weights from C:\GitHub\climate-change\NeuralHydrology\rq3_finetune\runs\rq3_scratch_basin_01022500_0107_103127\model_epoch010.pt
2026-07-01 10:32:18,456: Stored metrics at C:\GitHub\climate-change\NeuralHydrology\rq3_finetune\runs\rq3_scratch_basin_01022500_0107_103127\test\model_epoch010\test_metrics.csv
2026-07-01 10:32:18,457: Stored results at C:\GitHub\climate-change\NeuralHydrology\rq3_finetune\runs\rq3_scratch_basin_01022500_0107_103127\test\model_epoch010\test_results.p
2026-07-01 10:32:18,490: Using the model weights from C:\GitHub\climate-change\NeuralHydrology\rq3_finetune\runs\rq3_finetuned_basin_01022500_0107_103153\model_epoch010.pt
2026-07-01 10:32:19,110: Stored metrics at C:\GitHub\climate-change\NeuralHydrology\rq3_finetune\runs\rq3_finetuned_basin_01022500_0107_103153\test\model_epoch010\test_metrics.csv
2026-07-01 10:32:19,111: Stored results at C:\GitHub\climate-change\NeuralHydrology\rq3_finetune\runs\rq3_finetuned_basin_01022500_0107_103153\test\model_epoch010\test_results.p
2026-07-01 10:32:19,168: Logging to C:\GitHub\climate-change\NeuralHydrology\rq3_finetune\runs\rq3_scratch_basin_01031500_0107_103219\output.log initialized.
2026-07-01 10:32:19,168: ### Folder structure created at C:\GitHub\climate-change\NeuralHydrology\rq3_finetune\runs\rq3_scratch_basin_01031500_0107_103219
2026-07-01 10:32:19,168: ### Run configurations for rq3_scratch_basin_01031500
2026-07-01 10:32:19,169: experiment_name: rq3_scratch_basin_01031500
2026-07-01 10:32:19,169: train_basin_file: C:\GitHub\climate-change\NeuralHydrology\rq3_finetune\basin_lists_multibasin\basin_01031500.txt
2026-07-01 10:32:19,169: validation_basin_file: C:\GitHub\climate-change\NeuralHydrology\rq3_finetune\basin_lists_multibasin\basin_01031500.txt
2026-07-01 10:32:19,169: test_basin_file: C:\GitHub\climate-change\NeuralHydrology\rq3_finetune\basin_lists_multibasin\basin_01031500.txt
2026-07-01 10:32:19,169: train_start_date: 1999-10-01 00:00:00
2026-07-01 10:32:19,169: train_end_date: 2008-09-30 00:00:00
2026-07-01 10:32:19,169: validation_start_date: 1980-10-01 00:00:00
2026-07-01 10:32:19,169: validation_end_date: 1989-09-30 00:00:00
2026-07-01 10:32:19,169: test_start_date: 1989-10-01 00:00:00
2026-07-01 10:32:19,169: test_end_date: 1999-09-30 00:00:00
2026-07-01 10:32:19,170: device: cpu
2026-07-01 10:32:19,170: validate_every: 3
2026-07-01 10:32:19,170: validate_n_random_basins: 1
2026-07-01 10:32:19,170: metrics: ['NSE', 'KGE']
2026-07-01 10:32:19,170: model: cudalstm
2026-07-01 10:32:19,170: head: regression
2026-07-01 10:32:19,170: output_activation: linear
2026-07-01 10:32:19,170: hidden_size: 64
2026-07-01 10:32:19,170: initial_forget_bias: 3
2026-07-01 10:32:19,170: output_dropout: 0.4
2026-07-01 10:32:19,171: optimizer: Adam
2026-07-01 10:32:19,171: loss: NSE
2026-07-01 10:32:19,171: learning_rate: {0: 0.0005, 2: 5e-05}
2026-07-01 10:32:19,171: epochs: 10
2026-07-01 10:32:19,171: batch_size: 256
2026-07-01 10:32:19,171: clip_gradient_norm: 1
2026-07-01 10:32:19,171: predict_last_n: 1
2026-07-01 10:32:19,171: seq_length: 365
2026-07-01 10:32:19,172: num_workers: 0
2026-07-01 10:32:19,172: log_interval: 5
2026-07-01 10:32:19,172: log_tensorboard: False
2026-07-01 10:32:19,172: save_weights_every: 1
2026-07-01 10:32:19,172: save_validation_results: True
2026-07-01 10:32:19,172: dataset: camels_us
2026-07-01 10:32:19,172: data_dir: C:\GitHub\climate-change\NeuralHydrology\data\CAMELS_US
2026-07-01 10:32:19,172: forcings: ['daymet']
2026-07-01 10:32:19,173: dynamic_inputs: ['prcp(mm/day)', 'srad(W/m2)', 'tmax(C)', 'tmin(C)', 'vp(Pa)']
2026-07-01 10:32:19,173: static_attributes: []
2026-07-01 10:32:19,173: target_variables: ['QObs(mm/d)']
2026-07-01 10:32:19,173: clip_targets_to_zero: ['QObs(mm/d)']
2026-07-01 10:32:19,173: seed: 1001
2026-07-01 10:32:19,173: number_of_basins: 1
2026-07-01 10:32:19,173: run_dir: C:\GitHub\climate-change\NeuralHydrology\rq3_finetune\runs\rq3_scratch_basin_01031500_0107_103219
2026-07-01 10:32:19,173: train_dir: C:\GitHub\climate-change\NeuralHydrology\rq3_finetune\runs\rq3_scratch_basin_01031500_0107_103219\train_data
2026-07-01 10:32:19,174: img_log_dir: C:\GitHub\climate-change\NeuralHydrology\rq3_finetune\runs\rq3_scratch_basin_01031500_0107_103219\img_log
2026-07-01 10:32:19,176: ### Device cpu will be used for training
2026-07-01 10:32:19,176: Loading basin data into xarray data set.
2026-07-01 10:32:19,313: Calculating target variable stds per basin
2026-07-01 10:32:19,316: Create lookup table and convert to pytorch tensor
2026-07-01 10:32:21,569: Epoch 1 average loss: avg_loss: 0.07716, avg_total_loss: 0.07716
2026-07-01 10:32:21,573: Setting learning rate to 5e-05
2026-07-01 10:32:23,915: Epoch 2 average loss: avg_loss: 0.07195, avg_total_loss: 0.07195
2026-07-01 10:32:26,113: Epoch 3 average loss: avg_loss: 0.07101, avg_total_loss: 0.07101
2026-07-01 10:32:26,701: Stored metrics at C:\GitHub\climate-change\NeuralHydrology\rq3_finetune\runs\rq3_scratch_basin_01031500_0107_103219\validation\model_epoch003\validation_metrics.csv
2026-07-01 10:32:26,702: Stored results at C:\GitHub\climate-change\NeuralHydrology\rq3_finetune\runs\rq3_scratch_basin_01031500_0107_103219\validation\model_epoch003\validation_results.p
2026-07-01 10:32:26,703: Epoch 3 average validation loss: 0.07339 -- Median validation metrics: avg_loss: 0.07339, NSE: 0.11053, KGE: -0.01582
2026-07-01 10:32:29,372: Epoch 4 average loss: avg_loss: 0.07060, avg_total_loss: 0.07060
2026-07-01 10:32:31,796: Epoch 5 average loss: avg_loss: 0.06851, avg_total_loss: 0.06851
2026-07-01 10:32:34,452: Epoch 6 average loss: avg_loss: 0.06776, avg_total_loss: 0.06776
2026-07-01 10:32:34,885: Stored metrics at C:\GitHub\climate-change\NeuralHydrology\rq3_finetune\runs\rq3_scratch_basin_01031500_0107_103219\validation\model_epoch006\validation_metrics.csv
2026-07-01 10:32:34,885: Stored results at C:\GitHub\climate-change\NeuralHydrology\rq3_finetune\runs\rq3_scratch_basin_01031500_0107_103219\validation\model_epoch006\validation_results.p
2026-07-01 10:32:34,887: Epoch 6 average validation loss: 0.07178 -- Median validation metrics: avg_loss: 0.07178, NSE: 0.12851, KGE: 0.01576
2026-07-01 10:32:36,999: Epoch 7 average loss: avg_loss: 0.06779, avg_total_loss: 0.06779
2026-07-01 10:32:39,112: Epoch 8 average loss: avg_loss: 0.06672, avg_total_loss: 0.06672
2026-07-01 10:32:41,158: Epoch 9 average loss: avg_loss: 0.06537, avg_total_loss: 0.06537
2026-07-01 10:32:41,517: Stored metrics at C:\GitHub\climate-change\NeuralHydrology\rq3_finetune\runs\rq3_scratch_basin_01031500_0107_103219\validation\model_epoch009\validation_metrics.csv
2026-07-01 10:32:41,518: Stored results at C:\GitHub\climate-change\NeuralHydrology\rq3_finetune\runs\rq3_scratch_basin_01031500_0107_103219\validation\model_epoch009\validation_results.p
2026-07-01 10:32:41,519: Epoch 9 average validation loss: 0.07081 -- Median validation metrics: avg_loss: 0.07081, NSE: 0.13918, KGE: 0.03864
2026-07-01 10:32:43,584: Epoch 10 average loss: avg_loss: 0.06539, avg_total_loss: 0.06539
2026-07-01 10:32:43,615: Logging to C:\GitHub\climate-change\NeuralHydrology\rq3_finetune\runs\rq3_finetuned_basin_01031500_0107_103243\output.log initialized.
2026-07-01 10:32:43,615: ### Folder structure created at C:\GitHub\climate-change\NeuralHydrology\rq3_finetune\runs\rq3_finetuned_basin_01031500_0107_103243
2026-07-01 10:32:43,616: ### Start finetuning with pretrained model stored in C:\GitHub\climate-change\runs\rq3_base_global_3006_154109
2026-07-01 10:32:43,616: ### Run configurations for rq3_finetuned_basin_01031500
2026-07-01 10:32:43,616: batch_size: 256
2026-07-01 10:32:43,616: clip_gradient_norm: 1
2026-07-01 10:32:43,616: clip_targets_to_zero: ['QObs(mm/d)']
2026-07-01 10:32:43,616: commit_hash: None
2026-07-01 10:32:43,616: data_dir: C:\GitHub\climate-change\NeuralHydrology\data\CAMELS_US
2026-07-01 10:32:43,616: dataset: camels_us
2026-07-01 10:32:43,616: device: cpu
2026-07-01 10:32:43,617: dynamic_inputs: ['prcp(mm/day)', 'srad(W/m2)', 'tmax(C)', 'tmin(C)', 'vp(Pa)']
2026-07-01 10:32:43,617: epochs: 10
2026-07-01 10:32:43,617: experiment_name: rq3_finetuned_basin_01031500
2026-07-01 10:32:43,617: forcings: ['daymet']
2026-07-01 10:32:43,617: head: regression
2026-07-01 10:32:43,617: hidden_size: 64
2026-07-01 10:32:43,618: img_log_dir: C:\GitHub\climate-change\NeuralHydrology\rq3_finetune\runs\rq3_finetuned_basin_01031500_0107_103243\img_log
2026-07-01 10:32:43,618: initial_forget_bias: 3
2026-07-01 10:32:43,618: learning_rate: {0: 0.0005, 2: 5e-05}
2026-07-01 10:32:43,618: log_interval: 5
2026-07-01 10:32:43,618: log_tensorboard: False
2026-07-01 10:32:43,618: loss: NSE
2026-07-01 10:32:43,618: metrics: ['NSE', 'KGE']
2026-07-01 10:32:43,618: model: cudalstm
2026-07-01 10:32:43,619: num_workers: 0
2026-07-01 10:32:43,619: number_of_basins: 1
2026-07-01 10:32:43,619: optimizer: Adam
2026-07-01 10:32:43,619: output_activation: linear
2026-07-01 10:32:43,619: output_dropout: 0.4
2026-07-01 10:32:43,619: package_version: 1.13.0
2026-07-01 10:32:43,619: predict_last_n: 1
2026-07-01 10:32:43,619: run_dir: C:\GitHub\climate-change\NeuralHydrology\rq3_finetune\runs\rq3_finetuned_basin_01031500_0107_103243
2026-07-01 10:32:43,620: save_validation_results: True
2026-07-01 10:32:43,620: save_weights_every: 1
2026-07-01 10:32:43,620: seed: 1001
2026-07-01 10:32:43,620: seq_length: 365
2026-07-01 10:32:43,620: static_attributes: ['elev_mean', 'slope_mean', 'area_gages2', 'frac_forest', 'lai_max', 'lai_diff', 'gvf_max', 'gvf_diff', 'soil_depth_pelletier', 'soil_depth_statsgo', 'soil_porosity', 'soil_conductivity', 'max_water_content', 'sand_frac', 'silt_frac', 'clay_frac', 'carbonate_rocks_frac', 'geol_permeability', 'p_mean', 'pet_mean', 'aridity', 'frac_snow', 'high_prec_freq', 'high_prec_dur', 'low_prec_freq', 'low_prec_dur']
2026-07-01 10:32:43,620: target_variables: ['QObs(mm/d)']
2026-07-01 10:32:43,620: test_basin_file: C:\GitHub\climate-change\NeuralHydrology\rq3_finetune\basin_lists_multibasin\basin_01031500.txt
2026-07-01 10:32:43,620: test_end_date: 1999-09-30 00:00:00
2026-07-01 10:32:43,620: test_start_date: 1989-10-01 00:00:00
2026-07-01 10:32:43,620: train_basin_file: C:\GitHub\climate-change\NeuralHydrology\rq3_finetune\basin_lists_multibasin\basin_01031500.txt
2026-07-01 10:32:43,621: train_dir: C:\GitHub\climate-change\NeuralHydrology\rq3_finetune\runs\rq3_finetuned_basin_01031500_0107_103243\train_data
2026-07-01 10:32:43,621: train_end_date: 2008-09-30 00:00:00
2026-07-01 10:32:43,621: train_start_date: 1999-10-01 00:00:00
2026-07-01 10:32:43,621: validate_every: 3
2026-07-01 10:32:43,621: validate_n_random_basins: 10
2026-07-01 10:32:43,621: validation_basin_file: C:\GitHub\climate-change\NeuralHydrology\rq3_finetune\basin_lists_multibasin\basin_01031500.txt
2026-07-01 10:32:43,621: validation_end_date: 1989-09-30 00:00:00
2026-07-01 10:32:43,621: validation_start_date: 1980-10-01 00:00:00
2026-07-01 10:32:43,621: finetune_modules: ['head', 'lstm']
2026-07-01 10:32:43,621: base_run_dir: C:\GitHub\climate-change\runs\rq3_base_global_3006_154109
2026-07-01 10:32:43,621: is_finetuning: True
2026-07-01 10:32:43,621: is_continue_training: False
2026-07-01 10:32:43,622: ### Device cpu will be used for training
2026-07-01 10:32:43,662: Loading basin data into xarray data set.
2026-07-01 10:32:43,764: Calculating target variable stds per basin
2026-07-01 10:32:43,766: Create lookup table and convert to pytorch tensor
2026-07-01 10:32:43,794: Starting training from checkpoint C:\GitHub\climate-change\runs\rq3_base_global_3006_154109\model_epoch003.pt
2026-07-01 10:32:46,097: Epoch 1 average loss: avg_loss: 0.01065, avg_total_loss: 0.01065
2026-07-01 10:32:46,101: Setting learning rate to 5e-05
2026-07-01 10:32:48,341: Epoch 2 average loss: avg_loss: 0.00871, avg_total_loss: 0.00871
2026-07-01 10:32:50,490: Epoch 3 average loss: avg_loss: 0.00826, avg_total_loss: 0.00826
2026-07-01 10:32:51,030: Stored metrics at C:\GitHub\climate-change\NeuralHydrology\rq3_finetune\runs\rq3_finetuned_basin_01031500_0107_103243\validation\model_epoch003\validation_metrics.csv
2026-07-01 10:32:51,031: Stored results at C:\GitHub\climate-change\NeuralHydrology\rq3_finetune\runs\rq3_finetuned_basin_01031500_0107_103243\validation\model_epoch003\validation_results.p
2026-07-01 10:32:51,031: Epoch 3 average validation loss: 0.01355 -- Median validation metrics: avg_loss: 0.01355, NSE: 0.81663, KGE: 0.73743
2026-07-01 10:32:53,341: Epoch 4 average loss: avg_loss: 0.00878, avg_total_loss: 0.00878
2026-07-01 10:32:55,552: Epoch 5 average loss: avg_loss: 0.00765, avg_total_loss: 0.00765
2026-07-01 10:32:57,825: Epoch 6 average loss: avg_loss: 0.00834, avg_total_loss: 0.00834
2026-07-01 10:32:58,283: Stored metrics at C:\GitHub\climate-change\NeuralHydrology\rq3_finetune\runs\rq3_finetuned_basin_01031500_0107_103243\validation\model_epoch006\validation_metrics.csv
2026-07-01 10:32:58,284: Stored results at C:\GitHub\climate-change\NeuralHydrology\rq3_finetune\runs\rq3_finetuned_basin_01031500_0107_103243\validation\model_epoch006\validation_results.p
2026-07-01 10:32:58,285: Epoch 6 average validation loss: 0.01351 -- Median validation metrics: avg_loss: 0.01351, NSE: 0.81728, KGE: 0.74039
2026-07-01 10:33:00,518: Epoch 7 average loss: avg_loss: 0.00773, avg_total_loss: 0.00773
2026-07-01 10:33:02,795: Epoch 8 average loss: avg_loss: 0.00805, avg_total_loss: 0.00805
2026-07-01 10:33:04,971: Epoch 9 average loss: avg_loss: 0.00873, avg_total_loss: 0.00873
2026-07-01 10:33:05,401: Stored metrics at C:\GitHub\climate-change\NeuralHydrology\rq3_finetune\runs\rq3_finetuned_basin_01031500_0107_103243\validation\model_epoch009\validation_metrics.csv
2026-07-01 10:33:05,402: Stored results at C:\GitHub\climate-change\NeuralHydrology\rq3_finetune\runs\rq3_finetuned_basin_01031500_0107_103243\validation\model_epoch009\validation_results.p
2026-07-01 10:33:05,402: Epoch 9 average validation loss: 0.01333 -- Median validation metrics: avg_loss: 0.01333, NSE: 0.81942, KGE: 0.75373
2026-07-01 10:33:08,130: Epoch 10 average loss: avg_loss: 0.00714, avg_total_loss: 0.00714
2026-07-01 10:33:08,184: Using the model weights from C:\GitHub\climate-change\NeuralHydrology\rq3_finetune\runs\rq3_scratch_basin_01031500_0107_103219\model_epoch010.pt
2026-07-01 10:33:08,897: Stored metrics at C:\GitHub\climate-change\NeuralHydrology\rq3_finetune\runs\rq3_scratch_basin_01031500_0107_103219\test\model_epoch010\test_metrics.csv
2026-07-01 10:33:08,898: Stored results at C:\GitHub\climate-change\NeuralHydrology\rq3_finetune\runs\rq3_scratch_basin_01031500_0107_103219\test\model_epoch010\test_results.p
2026-07-01 10:33:08,948: Using the model weights from C:\GitHub\climate-change\NeuralHydrology\rq3_finetune\runs\rq3_finetuned_basin_01031500_0107_103243\model_epoch010.pt
2026-07-01 10:33:09,610: Stored metrics at C:\GitHub\climate-change\NeuralHydrology\rq3_finetune\runs\rq3_finetuned_basin_01031500_0107_103243\test\model_epoch010\test_metrics.csv
2026-07-01 10:33:09,611: Stored results at C:\GitHub\climate-change\NeuralHydrology\rq3_finetune\runs\rq3_finetuned_basin_01031500_0107_103243\test\model_epoch010\test_results.p
2026-07-01 10:33:09,662: Logging to C:\GitHub\climate-change\NeuralHydrology\rq3_finetune\runs\rq3_scratch_basin_01047000_0107_103309\output.log initialized.
2026-07-01 10:33:09,662: ### Folder structure created at C:\GitHub\climate-change\NeuralHydrology\rq3_finetune\runs\rq3_scratch_basin_01047000_0107_103309
2026-07-01 10:33:09,663: ### Run configurations for rq3_scratch_basin_01047000
2026-07-01 10:33:09,663: experiment_name: rq3_scratch_basin_01047000
2026-07-01 10:33:09,663: train_basin_file: C:\GitHub\climate-change\NeuralHydrology\rq3_finetune\basin_lists_multibasin\basin_01047000.txt
2026-07-01 10:33:09,663: validation_basin_file: C:\GitHub\climate-change\NeuralHydrology\rq3_finetune\basin_lists_multibasin\basin_01047000.txt
2026-07-01 10:33:09,663: test_basin_file: C:\GitHub\climate-change\NeuralHydrology\rq3_finetune\basin_lists_multibasin\basin_01047000.txt
2026-07-01 10:33:09,663: train_start_date: 1999-10-01 00:00:00
2026-07-01 10:33:09,663: train_end_date: 2008-09-30 00:00:00
2026-07-01 10:33:09,664: validation_start_date: 1980-10-01 00:00:00
2026-07-01 10:33:09,664: validation_end_date: 1989-09-30 00:00:00
2026-07-01 10:33:09,664: test_start_date: 1989-10-01 00:00:00
2026-07-01 10:33:09,664: test_end_date: 1999-09-30 00:00:00
2026-07-01 10:33:09,664: device: cpu
2026-07-01 10:33:09,664: validate_every: 3
2026-07-01 10:33:09,664: validate_n_random_basins: 1
2026-07-01 10:33:09,664: metrics: ['NSE', 'KGE']
2026-07-01 10:33:09,664: model: cudalstm
2026-07-01 10:33:09,664: head: regression
2026-07-01 10:33:09,664: output_activation: linear
2026-07-01 10:33:09,665: hidden_size: 64
2026-07-01 10:33:09,665: initial_forget_bias: 3
2026-07-01 10:33:09,665: output_dropout: 0.4
2026-07-01 10:33:09,665: optimizer: Adam
2026-07-01 10:33:09,665: loss: NSE
2026-07-01 10:33:09,665: learning_rate: {0: 0.0005, 2: 5e-05}
2026-07-01 10:33:09,665: epochs: 10
2026-07-01 10:33:09,665: batch_size: 256
2026-07-01 10:33:09,665: clip_gradient_norm: 1
2026-07-01 10:33:09,665: predict_last_n: 1
2026-07-01 10:33:09,665: seq_length: 365
2026-07-01 10:33:09,666: num_workers: 0
2026-07-01 10:33:09,666: log_interval: 5
2026-07-01 10:33:09,666: log_tensorboard: False
2026-07-01 10:33:09,666: save_weights_every: 1
2026-07-01 10:33:09,666: save_validation_results: True
2026-07-01 10:33:09,666: dataset: camels_us
2026-07-01 10:33:09,666: data_dir: C:\GitHub\climate-change\NeuralHydrology\data\CAMELS_US
2026-07-01 10:33:09,666: forcings: ['daymet']
2026-07-01 10:33:09,666: dynamic_inputs: ['prcp(mm/day)', 'srad(W/m2)', 'tmax(C)', 'tmin(C)', 'vp(Pa)']
2026-07-01 10:33:09,666: static_attributes: []
2026-07-01 10:33:09,667: target_variables: ['QObs(mm/d)']
2026-07-01 10:33:09,667: clip_targets_to_zero: ['QObs(mm/d)']
2026-07-01 10:33:09,667: seed: 1001
2026-07-01 10:33:09,667: number_of_basins: 1
2026-07-01 10:33:09,667: run_dir: C:\GitHub\climate-change\NeuralHydrology\rq3_finetune\runs\rq3_scratch_basin_01047000_0107_103309
2026-07-01 10:33:09,667: train_dir: C:\GitHub\climate-change\NeuralHydrology\rq3_finetune\runs\rq3_scratch_basin_01047000_0107_103309\train_data
2026-07-01 10:33:09,667: img_log_dir: C:\GitHub\climate-change\NeuralHydrology\rq3_finetune\runs\rq3_scratch_basin_01047000_0107_103309\img_log
2026-07-01 10:33:09,669: ### Device cpu will be used for training
2026-07-01 10:33:09,669: Loading basin data into xarray data set.
2026-07-01 10:33:09,804: Calculating target variable stds per basin
2026-07-01 10:33:09,806: Create lookup table and convert to pytorch tensor
2026-07-01 10:33:12,417: Epoch 1 average loss: avg_loss: 0.08169, avg_total_loss: 0.08169
2026-07-01 10:33:12,421: Setting learning rate to 5e-05
2026-07-01 10:33:14,956: Epoch 2 average loss: avg_loss: 0.07260, avg_total_loss: 0.07260
2026-07-01 10:33:17,159: Epoch 3 average loss: avg_loss: 0.07063, avg_total_loss: 0.07063
2026-07-01 10:33:17,639: Stored metrics at C:\GitHub\climate-change\NeuralHydrology\rq3_finetune\runs\rq3_scratch_basin_01047000_0107_103309\validation\model_epoch003\validation_metrics.csv
2026-07-01 10:33:17,640: Stored results at C:\GitHub\climate-change\NeuralHydrology\rq3_finetune\runs\rq3_scratch_basin_01047000_0107_103309\validation\model_epoch003\validation_results.p
2026-07-01 10:33:17,641: Epoch 3 average validation loss: 0.07326 -- Median validation metrics: avg_loss: 0.07326, NSE: 0.14270, KGE: 0.03418
2026-07-01 10:33:19,734: Epoch 4 average loss: avg_loss: 0.07004, avg_total_loss: 0.07004
2026-07-01 10:33:21,799: Epoch 5 average loss: avg_loss: 0.06751, avg_total_loss: 0.06751
2026-07-01 10:33:23,895: Epoch 6 average loss: avg_loss: 0.06764, avg_total_loss: 0.06764
2026-07-01 10:33:24,273: Stored metrics at C:\GitHub\climate-change\NeuralHydrology\rq3_finetune\runs\rq3_scratch_basin_01047000_0107_103309\validation\model_epoch006\validation_metrics.csv
2026-07-01 10:33:24,274: Stored results at C:\GitHub\climate-change\NeuralHydrology\rq3_finetune\runs\rq3_scratch_basin_01047000_0107_103309\validation\model_epoch006\validation_results.p
2026-07-01 10:33:24,274: Epoch 6 average validation loss: 0.07005 -- Median validation metrics: avg_loss: 0.07005, NSE: 0.17775, KGE: 0.09482
2026-07-01 10:33:26,374: Epoch 7 average loss: avg_loss: 0.06677, avg_total_loss: 0.06677
2026-07-01 10:33:28,472: Epoch 8 average loss: avg_loss: 0.06626, avg_total_loss: 0.06626
2026-07-01 10:33:30,585: Epoch 9 average loss: avg_loss: 0.06512, avg_total_loss: 0.06512
2026-07-01 10:33:30,947: Stored metrics at C:\GitHub\climate-change\NeuralHydrology\rq3_finetune\runs\rq3_scratch_basin_01047000_0107_103309\validation\model_epoch009\validation_metrics.csv
2026-07-01 10:33:30,949: Stored results at C:\GitHub\climate-change\NeuralHydrology\rq3_finetune\runs\rq3_scratch_basin_01047000_0107_103309\validation\model_epoch009\validation_results.p
2026-07-01 10:33:30,949: Epoch 9 average validation loss: 0.06970 -- Median validation metrics: avg_loss: 0.06970, NSE: 0.18103, KGE: 0.11032
2026-07-01 10:33:33,076: Epoch 10 average loss: avg_loss: 0.06540, avg_total_loss: 0.06540
2026-07-01 10:33:33,106: Logging to C:\GitHub\climate-change\NeuralHydrology\rq3_finetune\runs\rq3_finetuned_basin_01047000_0107_103333\output.log initialized.
2026-07-01 10:33:33,107: ### Folder structure created at C:\GitHub\climate-change\NeuralHydrology\rq3_finetune\runs\rq3_finetuned_basin_01047000_0107_103333
2026-07-01 10:33:33,107: ### Start finetuning with pretrained model stored in C:\GitHub\climate-change\runs\rq3_base_global_3006_154109
2026-07-01 10:33:33,107: ### Run configurations for rq3_finetuned_basin_01047000
2026-07-01 10:33:33,107: batch_size: 256
2026-07-01 10:33:33,107: clip_gradient_norm: 1
2026-07-01 10:33:33,107: clip_targets_to_zero: ['QObs(mm/d)']
2026-07-01 10:33:33,107: commit_hash: None
2026-07-01 10:33:33,107: data_dir: C:\GitHub\climate-change\NeuralHydrology\data\CAMELS_US
2026-07-01 10:33:33,107: dataset: camels_us
2026-07-01 10:33:33,108: device: cpu
2026-07-01 10:33:33,108: dynamic_inputs: ['prcp(mm/day)', 'srad(W/m2)', 'tmax(C)', 'tmin(C)', 'vp(Pa)']
2026-07-01 10:33:33,108: epochs: 10
2026-07-01 10:33:33,108: experiment_name: rq3_finetuned_basin_01047000
2026-07-01 10:33:33,108: forcings: ['daymet']
2026-07-01 10:33:33,108: head: regression
2026-07-01 10:33:33,108: hidden_size: 64
2026-07-01 10:33:33,108: img_log_dir: C:\GitHub\climate-change\NeuralHydrology\rq3_finetune\runs\rq3_finetuned_basin_01047000_0107_103333\img_log
2026-07-01 10:33:33,109: initial_forget_bias: 3
2026-07-01 10:33:33,109: learning_rate: {0: 0.0005, 2: 5e-05}
2026-07-01 10:33:33,109: log_interval: 5
2026-07-01 10:33:33,109: log_tensorboard: False
2026-07-01 10:33:33,109: loss: NSE
2026-07-01 10:33:33,109: metrics: ['NSE', 'KGE']
2026-07-01 10:33:33,109: model: cudalstm
2026-07-01 10:33:33,109: num_workers: 0
2026-07-01 10:33:33,109: number_of_basins: 1
2026-07-01 10:33:33,109: optimizer: Adam
2026-07-01 10:33:33,109: output_activation: linear
2026-07-01 10:33:33,110: output_dropout: 0.4
2026-07-01 10:33:33,110: package_version: 1.13.0
2026-07-01 10:33:33,110: predict_last_n: 1
2026-07-01 10:33:33,110: run_dir: C:\GitHub\climate-change\NeuralHydrology\rq3_finetune\runs\rq3_finetuned_basin_01047000_0107_103333
2026-07-01 10:33:33,110: save_validation_results: True
2026-07-01 10:33:33,110: save_weights_every: 1
2026-07-01 10:33:33,110: seed: 1001
2026-07-01 10:33:33,110: seq_length: 365
2026-07-01 10:33:33,110: static_attributes: ['elev_mean', 'slope_mean', 'area_gages2', 'frac_forest', 'lai_max', 'lai_diff', 'gvf_max', 'gvf_diff', 'soil_depth_pelletier', 'soil_depth_statsgo', 'soil_porosity', 'soil_conductivity', 'max_water_content', 'sand_frac', 'silt_frac', 'clay_frac', 'carbonate_rocks_frac', 'geol_permeability', 'p_mean', 'pet_mean', 'aridity', 'frac_snow', 'high_prec_freq', 'high_prec_dur', 'low_prec_freq', 'low_prec_dur']
2026-07-01 10:33:33,110: target_variables: ['QObs(mm/d)']
2026-07-01 10:33:33,111: test_basin_file: C:\GitHub\climate-change\NeuralHydrology\rq3_finetune\basin_lists_multibasin\basin_01047000.txt
2026-07-01 10:33:33,111: test_end_date: 1999-09-30 00:00:00
2026-07-01 10:33:33,111: test_start_date: 1989-10-01 00:00:00
2026-07-01 10:33:33,111: train_basin_file: C:\GitHub\climate-change\NeuralHydrology\rq3_finetune\basin_lists_multibasin\basin_01047000.txt
2026-07-01 10:33:33,111: train_dir: C:\GitHub\climate-change\NeuralHydrology\rq3_finetune\runs\rq3_finetuned_basin_01047000_0107_103333\train_data
2026-07-01 10:33:33,111: train_end_date: 2008-09-30 00:00:00
2026-07-01 10:33:33,111: train_start_date: 1999-10-01 00:00:00
2026-07-01 10:33:33,111: validate_every: 3
2026-07-01 10:33:33,111: validate_n_random_basins: 10
2026-07-01 10:33:33,111: validation_basin_file: C:\GitHub\climate-change\NeuralHydrology\rq3_finetune\basin_lists_multibasin\basin_01047000.txt
2026-07-01 10:33:33,111: validation_end_date: 1989-09-30 00:00:00
2026-07-01 10:33:33,112: validation_start_date: 1980-10-01 00:00:00
2026-07-01 10:33:33,112: finetune_modules: ['head', 'lstm']
2026-07-01 10:33:33,112: base_run_dir: C:\GitHub\climate-change\runs\rq3_base_global_3006_154109
2026-07-01 10:33:33,112: is_finetuning: True
2026-07-01 10:33:33,112: is_continue_training: False
2026-07-01 10:33:33,113: ### Device cpu will be used for training
2026-07-01 10:33:33,150: Loading basin data into xarray data set.
2026-07-01 10:33:33,257: Calculating target variable stds per basin
2026-07-01 10:33:33,260: Create lookup table and convert to pytorch tensor
2026-07-01 10:33:33,288: Starting training from checkpoint C:\GitHub\climate-change\runs\rq3_base_global_3006_154109\model_epoch003.pt
2026-07-01 10:33:35,643: Epoch 1 average loss: avg_loss: 0.01352, avg_total_loss: 0.01352
2026-07-01 10:33:35,647: Setting learning rate to 5e-05
2026-07-01 10:33:37,920: Epoch 2 average loss: avg_loss: 0.01102, avg_total_loss: 0.01102
2026-07-01 10:33:40,324: Epoch 3 average loss: avg_loss: 0.01110, avg_total_loss: 0.01110
2026-07-01 10:33:40,891: Stored metrics at C:\GitHub\climate-change\NeuralHydrology\rq3_finetune\runs\rq3_finetuned_basin_01047000_0107_103333\validation\model_epoch003\validation_metrics.csv
2026-07-01 10:33:40,892: Stored results at C:\GitHub\climate-change\NeuralHydrology\rq3_finetune\runs\rq3_finetuned_basin_01047000_0107_103333\validation\model_epoch003\validation_results.p
2026-07-01 10:33:40,893: Epoch 3 average validation loss: 0.01403 -- Median validation metrics: avg_loss: 0.01403, NSE: 0.80706, KGE: 0.81393
2026-07-01 10:33:43,095: Epoch 4 average loss: avg_loss: 0.01123, avg_total_loss: 0.01123
2026-07-01 10:33:45,512: Epoch 5 average loss: avg_loss: 0.01053, avg_total_loss: 0.01053
2026-07-01 10:33:47,826: Epoch 6 average loss: avg_loss: 0.01147, avg_total_loss: 0.01147
2026-07-01 10:33:48,275: Stored metrics at C:\GitHub\climate-change\NeuralHydrology\rq3_finetune\runs\rq3_finetuned_basin_01047000_0107_103333\validation\model_epoch006\validation_metrics.csv
2026-07-01 10:33:48,276: Stored results at C:\GitHub\climate-change\NeuralHydrology\rq3_finetune\runs\rq3_finetuned_basin_01047000_0107_103333\validation\model_epoch006\validation_results.p
2026-07-01 10:33:48,276: Epoch 6 average validation loss: 0.01406 -- Median validation metrics: avg_loss: 0.01406, NSE: 0.80719, KGE: 0.80818
2026-07-01 10:33:50,969: Epoch 7 average loss: avg_loss: 0.01049, avg_total_loss: 0.01049
2026-07-01 10:33:53,520: Epoch 8 average loss: avg_loss: 0.01035, avg_total_loss: 0.01035
2026-07-01 10:33:55,992: Epoch 9 average loss: avg_loss: 0.01204, avg_total_loss: 0.01204
2026-07-01 10:33:56,925: Stored metrics at C:\GitHub\climate-change\NeuralHydrology\rq3_finetune\runs\rq3_finetuned_basin_01047000_0107_103333\validation\model_epoch009\validation_metrics.csv
2026-07-01 10:33:56,927: Stored results at C:\GitHub\climate-change\NeuralHydrology\rq3_finetune\runs\rq3_finetuned_basin_01047000_0107_103333\validation\model_epoch009\validation_results.p
2026-07-01 10:33:56,928: Epoch 9 average validation loss: 0.01411 -- Median validation metrics: avg_loss: 0.01411, NSE: 0.80550, KGE: 0.82059
2026-07-01 10:33:59,674: Epoch 10 average loss: avg_loss: 0.00942, avg_total_loss: 0.00942
2026-07-01 10:33:59,709: Using the model weights from C:\GitHub\climate-change\NeuralHydrology\rq3_finetune\runs\rq3_scratch_basin_01047000_0107_103309\model_epoch010.pt
2026-07-01 10:34:00,236: Stored metrics at C:\GitHub\climate-change\NeuralHydrology\rq3_finetune\runs\rq3_scratch_basin_01047000_0107_103309\test\model_epoch010\test_metrics.csv
2026-07-01 10:34:00,237: Stored results at C:\GitHub\climate-change\NeuralHydrology\rq3_finetune\runs\rq3_scratch_basin_01047000_0107_103309\test\model_epoch010\test_results.p
2026-07-01 10:34:00,272: Using the model weights from C:\GitHub\climate-change\NeuralHydrology\rq3_finetune\runs\rq3_finetuned_basin_01047000_0107_103333\model_epoch010.pt
2026-07-01 10:34:00,918: Stored metrics at C:\GitHub\climate-change\NeuralHydrology\rq3_finetune\runs\rq3_finetuned_basin_01047000_0107_103333\test\model_epoch010\test_metrics.csv
2026-07-01 10:34:00,919: Stored results at C:\GitHub\climate-change\NeuralHydrology\rq3_finetune\runs\rq3_finetuned_basin_01047000_0107_103333\test\model_epoch010\test_results.p
2026-07-01 10:34:00,967: Logging to C:\GitHub\climate-change\NeuralHydrology\rq3_finetune\runs\rq3_scratch_basin_01052500_0107_103400\output.log initialized.
2026-07-01 10:34:00,967: ### Folder structure created at C:\GitHub\climate-change\NeuralHydrology\rq3_finetune\runs\rq3_scratch_basin_01052500_0107_103400
2026-07-01 10:34:00,967: ### Run configurations for rq3_scratch_basin_01052500
2026-07-01 10:34:00,967: experiment_name: rq3_scratch_basin_01052500
2026-07-01 10:34:00,967: train_basin_file: C:\GitHub\climate-change\NeuralHydrology\rq3_finetune\basin_lists_multibasin\basin_01052500.txt
2026-07-01 10:34:00,967: validation_basin_file: C:\GitHub\climate-change\NeuralHydrology\rq3_finetune\basin_lists_multibasin\basin_01052500.txt
2026-07-01 10:34:00,967: test_basin_file: C:\GitHub\climate-change\NeuralHydrology\rq3_finetune\basin_lists_multibasin\basin_01052500.txt
2026-07-01 10:34:00,968: train_start_date: 1999-10-01 00:00:00
2026-07-01 10:34:00,968: train_end_date: 2008-09-30 00:00:00
2026-07-01 10:34:00,968: validation_start_date: 1980-10-01 00:00:00
2026-07-01 10:34:00,968: validation_end_date: 1989-09-30 00:00:00
2026-07-01 10:34:00,968: test_start_date: 1989-10-01 00:00:00
2026-07-01 10:34:00,968: test_end_date: 1999-09-30 00:00:00
2026-07-01 10:34:00,968: device: cpu
2026-07-01 10:34:00,968: validate_every: 3
2026-07-01 10:34:00,968: validate_n_random_basins: 1
2026-07-01 10:34:00,968: metrics: ['NSE', 'KGE']
2026-07-01 10:34:00,968: model: cudalstm
2026-07-01 10:34:00,968: head: regression
2026-07-01 10:34:00,969: output_activation: linear
2026-07-01 10:34:00,969: hidden_size: 64
2026-07-01 10:34:00,969: initial_forget_bias: 3
2026-07-01 10:34:00,969: output_dropout: 0.4
2026-07-01 10:34:00,969: optimizer: Adam
2026-07-01 10:34:00,969: loss: NSE
2026-07-01 10:34:00,969: learning_rate: {0: 0.0005, 2: 5e-05}
2026-07-01 10:34:00,969: epochs: 10
2026-07-01 10:34:00,969: batch_size: 256
2026-07-01 10:34:00,969: clip_gradient_norm: 1
2026-07-01 10:34:00,969: predict_last_n: 1
2026-07-01 10:34:00,969: seq_length: 365
2026-07-01 10:34:00,970: num_workers: 0
2026-07-01 10:34:00,970: log_interval: 5
2026-07-01 10:34:00,970: log_tensorboard: False
2026-07-01 10:34:00,970: save_weights_every: 1
2026-07-01 10:34:00,970: save_validation_results: True
2026-07-01 10:34:00,970: dataset: camels_us
2026-07-01 10:34:00,970: data_dir: C:\GitHub\climate-change\NeuralHydrology\data\CAMELS_US
2026-07-01 10:34:00,970: forcings: ['daymet']
2026-07-01 10:34:00,970: dynamic_inputs: ['prcp(mm/day)', 'srad(W/m2)', 'tmax(C)', 'tmin(C)', 'vp(Pa)']
2026-07-01 10:34:00,971: static_attributes: []
2026-07-01 10:34:00,971: target_variables: ['QObs(mm/d)']
2026-07-01 10:34:00,971: clip_targets_to_zero: ['QObs(mm/d)']
2026-07-01 10:34:00,971: seed: 1001
2026-07-01 10:34:00,971: number_of_basins: 1
2026-07-01 10:34:00,971: run_dir: C:\GitHub\climate-change\NeuralHydrology\rq3_finetune\runs\rq3_scratch_basin_01052500_0107_103400
2026-07-01 10:34:00,971: train_dir: C:\GitHub\climate-change\NeuralHydrology\rq3_finetune\runs\rq3_scratch_basin_01052500_0107_103400\train_data
2026-07-01 10:34:00,971: img_log_dir: C:\GitHub\climate-change\NeuralHydrology\rq3_finetune\runs\rq3_scratch_basin_01052500_0107_103400\img_log
2026-07-01 10:34:00,973: ### Device cpu will be used for training
2026-07-01 10:34:00,973: Loading basin data into xarray data set.
2026-07-01 10:34:01,117: Calculating target variable stds per basin
2026-07-01 10:34:01,121: Create lookup table and convert to pytorch tensor
2026-07-01 10:34:03,383: Epoch 1 average loss: avg_loss: 0.06040, avg_total_loss: 0.06040
2026-07-01 10:34:03,387: Setting learning rate to 5e-05
2026-07-01 10:34:05,558: Epoch 2 average loss: avg_loss: 0.05579, avg_total_loss: 0.05579
2026-07-01 10:34:07,665: Epoch 3 average loss: avg_loss: 0.05562, avg_total_loss: 0.05562
2026-07-01 10:34:08,151: Stored metrics at C:\GitHub\climate-change\NeuralHydrology\rq3_finetune\runs\rq3_scratch_basin_01052500_0107_103400\validation\model_epoch003\validation_metrics.csv
2026-07-01 10:34:08,152: Stored results at C:\GitHub\climate-change\NeuralHydrology\rq3_finetune\runs\rq3_scratch_basin_01052500_0107_103400\validation\model_epoch003\validation_results.p
2026-07-01 10:34:08,152: Epoch 3 average validation loss: 0.05150 -- Median validation metrics: avg_loss: 0.05150, NSE: 0.15710, KGE: 0.05672
2026-07-01 10:34:10,301: Epoch 4 average loss: avg_loss: 0.05438, avg_total_loss: 0.05438
2026-07-01 10:34:12,406: Epoch 5 average loss: avg_loss: 0.05231, avg_total_loss: 0.05231
2026-07-01 10:34:14,464: Epoch 6 average loss: avg_loss: 0.05243, avg_total_loss: 0.05243
2026-07-01 10:34:14,993: Stored metrics at C:\GitHub\climate-change\NeuralHydrology\rq3_finetune\runs\rq3_scratch_basin_01052500_0107_103400\validation\model_epoch006\validation_metrics.csv
2026-07-01 10:34:14,994: Stored results at C:\GitHub\climate-change\NeuralHydrology\rq3_finetune\runs\rq3_scratch_basin_01052500_0107_103400\validation\model_epoch006\validation_results.p
2026-07-01 10:34:14,994: Epoch 6 average validation loss: 0.04933 -- Median validation metrics: avg_loss: 0.04933, NSE: 0.18505, KGE: 0.10741
2026-07-01 10:34:17,080: Epoch 7 average loss: avg_loss: 0.05088, avg_total_loss: 0.05088
2026-07-01 10:34:19,182: Epoch 8 average loss: avg_loss: 0.05107, avg_total_loss: 0.05107
2026-07-01 10:34:21,637: Epoch 9 average loss: avg_loss: 0.05006, avg_total_loss: 0.05006
2026-07-01 10:34:22,016: Stored metrics at C:\GitHub\climate-change\NeuralHydrology\rq3_finetune\runs\rq3_scratch_basin_01052500_0107_103400\validation\model_epoch009\validation_metrics.csv
2026-07-01 10:34:22,017: Stored results at C:\GitHub\climate-change\NeuralHydrology\rq3_finetune\runs\rq3_scratch_basin_01052500_0107_103400\validation\model_epoch009\validation_results.p
2026-07-01 10:34:22,017: Epoch 9 average validation loss: 0.04759 -- Median validation metrics: avg_loss: 0.04759, NSE: 0.21164, KGE: 0.15964
2026-07-01 10:34:24,088: Epoch 10 average loss: avg_loss: 0.04955, avg_total_loss: 0.04955
2026-07-01 10:34:24,121: Logging to C:\GitHub\climate-change\NeuralHydrology\rq3_finetune\runs\rq3_finetuned_basin_01052500_0107_103424\output.log initialized.
2026-07-01 10:34:24,121: ### Folder structure created at C:\GitHub\climate-change\NeuralHydrology\rq3_finetune\runs\rq3_finetuned_basin_01052500_0107_103424
2026-07-01 10:34:24,121: ### Start finetuning with pretrained model stored in C:\GitHub\climate-change\runs\rq3_base_global_3006_154109
2026-07-01 10:34:24,121: ### Run configurations for rq3_finetuned_basin_01052500
2026-07-01 10:34:24,121: batch_size: 256
2026-07-01 10:34:24,121: clip_gradient_norm: 1
2026-07-01 10:34:24,121: clip_targets_to_zero: ['QObs(mm/d)']
2026-07-01 10:34:24,122: commit_hash: None
2026-07-01 10:34:24,122: data_dir: C:\GitHub\climate-change\NeuralHydrology\data\CAMELS_US
2026-07-01 10:34:24,122: dataset: camels_us
2026-07-01 10:34:24,122: device: cpu
2026-07-01 10:34:24,122: dynamic_inputs: ['prcp(mm/day)', 'srad(W/m2)', 'tmax(C)', 'tmin(C)', 'vp(Pa)']
2026-07-01 10:34:24,122: epochs: 10
2026-07-01 10:34:24,122: experiment_name: rq3_finetuned_basin_01052500
2026-07-01 10:34:24,122: forcings: ['daymet']
2026-07-01 10:34:24,122: head: regression
2026-07-01 10:34:24,122: hidden_size: 64
2026-07-01 10:34:24,122: img_log_dir: C:\GitHub\climate-change\NeuralHydrology\rq3_finetune\runs\rq3_finetuned_basin_01052500_0107_103424\img_log
2026-07-01 10:34:24,123: initial_forget_bias: 3
2026-07-01 10:34:24,123: learning_rate: {0: 0.0005, 2: 5e-05}
2026-07-01 10:34:24,123: log_interval: 5
2026-07-01 10:34:24,123: log_tensorboard: False
2026-07-01 10:34:24,123: loss: NSE
2026-07-01 10:34:24,123: metrics: ['NSE', 'KGE']
2026-07-01 10:34:24,123: model: cudalstm
2026-07-01 10:34:24,123: num_workers: 0
2026-07-01 10:34:24,123: number_of_basins: 1
2026-07-01 10:34:24,124: optimizer: Adam
2026-07-01 10:34:24,124: output_activation: linear
2026-07-01 10:34:24,124: output_dropout: 0.4
2026-07-01 10:34:24,124: package_version: 1.13.0
2026-07-01 10:34:24,124: predict_last_n: 1
2026-07-01 10:34:24,124: run_dir: C:\GitHub\climate-change\NeuralHydrology\rq3_finetune\runs\rq3_finetuned_basin_01052500_0107_103424
2026-07-01 10:34:24,124: save_validation_results: True
2026-07-01 10:34:24,124: save_weights_every: 1
2026-07-01 10:34:24,124: seed: 1001
2026-07-01 10:34:24,124: seq_length: 365
2026-07-01 10:34:24,125: static_attributes: ['elev_mean', 'slope_mean', 'area_gages2', 'frac_forest', 'lai_max', 'lai_diff', 'gvf_max', 'gvf_diff', 'soil_depth_pelletier', 'soil_depth_statsgo', 'soil_porosity', 'soil_conductivity', 'max_water_content', 'sand_frac', 'silt_frac', 'clay_frac', 'carbonate_rocks_frac', 'geol_permeability', 'p_mean', 'pet_mean', 'aridity', 'frac_snow', 'high_prec_freq', 'high_prec_dur', 'low_prec_freq', 'low_prec_dur']
2026-07-01 10:34:24,125: target_variables: ['QObs(mm/d)']
2026-07-01 10:34:24,125: test_basin_file: C:\GitHub\climate-change\NeuralHydrology\rq3_finetune\basin_lists_multibasin\basin_01052500.txt
2026-07-01 10:34:24,125: test_end_date: 1999-09-30 00:00:00
2026-07-01 10:34:24,125: test_start_date: 1989-10-01 00:00:00
2026-07-01 10:34:24,125: train_basin_file: C:\GitHub\climate-change\NeuralHydrology\rq3_finetune\basin_lists_multibasin\basin_01052500.txt
2026-07-01 10:34:24,125: train_dir: C:\GitHub\climate-change\NeuralHydrology\rq3_finetune\runs\rq3_finetuned_basin_01052500_0107_103424\train_data
2026-07-01 10:34:24,125: train_end_date: 2008-09-30 00:00:00
2026-07-01 10:34:24,126: train_start_date: 1999-10-01 00:00:00
2026-07-01 10:34:24,126: validate_every: 3
2026-07-01 10:34:24,126: validate_n_random_basins: 10
2026-07-01 10:34:24,126: validation_basin_file: C:\GitHub\climate-change\NeuralHydrology\rq3_finetune\basin_lists_multibasin\basin_01052500.txt
2026-07-01 10:34:24,126: validation_end_date: 1989-09-30 00:00:00
2026-07-01 10:34:24,126: validation_start_date: 1980-10-01 00:00:00
2026-07-01 10:34:24,126: finetune_modules: ['head', 'lstm']
2026-07-01 10:34:24,126: base_run_dir: C:\GitHub\climate-change\runs\rq3_base_global_3006_154109
2026-07-01 10:34:24,127: is_finetuning: True
2026-07-01 10:34:24,127: is_continue_training: False
2026-07-01 10:34:24,128: ### Device cpu will be used for training
2026-07-01 10:34:24,171: Loading basin data into xarray data set.
2026-07-01 10:34:24,276: Calculating target variable stds per basin
2026-07-01 10:34:24,279: Create lookup table and convert to pytorch tensor
2026-07-01 10:34:24,305: Starting training from checkpoint C:\GitHub\climate-change\runs\rq3_base_global_3006_154109\model_epoch003.pt
2026-07-01 10:34:26,622: Epoch 1 average loss: avg_loss: 0.01294, avg_total_loss: 0.01294
2026-07-01 10:34:26,626: Setting learning rate to 5e-05
2026-07-01 10:34:28,848: Epoch 2 average loss: avg_loss: 0.01174, avg_total_loss: 0.01174
2026-07-01 10:34:31,097: Epoch 3 average loss: avg_loss: 0.01107, avg_total_loss: 0.01107
2026-07-01 10:34:31,727: Stored metrics at C:\GitHub\climate-change\NeuralHydrology\rq3_finetune\runs\rq3_finetuned_basin_01052500_0107_103424\validation\model_epoch003\validation_metrics.csv
2026-07-01 10:34:31,728: Stored results at C:\GitHub\climate-change\NeuralHydrology\rq3_finetune\runs\rq3_finetuned_basin_01052500_0107_103424\validation\model_epoch003\validation_results.p
2026-07-01 10:34:31,728: Epoch 3 average validation loss: 0.02076 -- Median validation metrics: avg_loss: 0.02076, NSE: 0.71839, KGE: 0.82932
2026-07-01 10:34:34,045: Epoch 4 average loss: avg_loss: 0.01264, avg_total_loss: 0.01264
2026-07-01 10:34:36,400: Epoch 5 average loss: avg_loss: 0.01129, avg_total_loss: 0.01129
2026-07-01 10:34:38,686: Epoch 6 average loss: avg_loss: 0.01106, avg_total_loss: 0.01106
2026-07-01 10:34:39,138: Stored metrics at C:\GitHub\climate-change\NeuralHydrology\rq3_finetune\runs\rq3_finetuned_basin_01052500_0107_103424\validation\model_epoch006\validation_metrics.csv
2026-07-01 10:34:39,139: Stored results at C:\GitHub\climate-change\NeuralHydrology\rq3_finetune\runs\rq3_finetuned_basin_01052500_0107_103424\validation\model_epoch006\validation_results.p
2026-07-01 10:34:39,140: Epoch 6 average validation loss: 0.02087 -- Median validation metrics: avg_loss: 0.02087, NSE: 0.71720, KGE: 0.83863
2026-07-01 10:34:41,401: Epoch 7 average loss: avg_loss: 0.01074, avg_total_loss: 0.01074
2026-07-01 10:34:43,726: Epoch 8 average loss: avg_loss: 0.01056, avg_total_loss: 0.01056
2026-07-01 10:34:46,009: Epoch 9 average loss: avg_loss: 0.01046, avg_total_loss: 0.01046
2026-07-01 10:34:46,463: Stored metrics at C:\GitHub\climate-change\NeuralHydrology\rq3_finetune\runs\rq3_finetuned_basin_01052500_0107_103424\validation\model_epoch009\validation_metrics.csv
2026-07-01 10:34:46,464: Stored results at C:\GitHub\climate-change\NeuralHydrology\rq3_finetune\runs\rq3_finetuned_basin_01052500_0107_103424\validation\model_epoch009\validation_results.p
2026-07-01 10:34:46,465: Epoch 9 average validation loss: 0.02061 -- Median validation metrics: avg_loss: 0.02061, NSE: 0.71923, KGE: 0.83563
2026-07-01 10:34:48,785: Epoch 10 average loss: avg_loss: 0.01029, avg_total_loss: 0.01029
2026-07-01 10:34:48,816: Using the model weights from C:\GitHub\climate-change\NeuralHydrology\rq3_finetune\runs\rq3_scratch_basin_01052500_0107_103400\model_epoch010.pt
2026-07-01 10:34:49,319: Stored metrics at C:\GitHub\climate-change\NeuralHydrology\rq3_finetune\runs\rq3_scratch_basin_01052500_0107_103400\test\model_epoch010\test_metrics.csv
2026-07-01 10:34:49,320: Stored results at C:\GitHub\climate-change\NeuralHydrology\rq3_finetune\runs\rq3_scratch_basin_01052500_0107_103400\test\model_epoch010\test_results.p
2026-07-01 10:34:49,354: Using the model weights from C:\GitHub\climate-change\NeuralHydrology\rq3_finetune\runs\rq3_finetuned_basin_01052500_0107_103424\model_epoch010.pt
2026-07-01 10:34:49,970: Stored metrics at C:\GitHub\climate-change\NeuralHydrology\rq3_finetune\runs\rq3_finetuned_basin_01052500_0107_103424\test\model_epoch010\test_metrics.csv
2026-07-01 10:34:49,972: Stored results at C:\GitHub\climate-change\NeuralHydrology\rq3_finetune\runs\rq3_finetuned_basin_01052500_0107_103424\test\model_epoch010\test_results.p
2026-07-01 10:34:50,025: Logging to C:\GitHub\climate-change\NeuralHydrology\rq3_finetune\runs\rq3_scratch_basin_01054200_0107_103450\output.log initialized.
2026-07-01 10:34:50,026: ### Folder structure created at C:\GitHub\climate-change\NeuralHydrology\rq3_finetune\runs\rq3_scratch_basin_01054200_0107_103450
2026-07-01 10:34:50,026: ### Run configurations for rq3_scratch_basin_01054200
2026-07-01 10:34:50,026: experiment_name: rq3_scratch_basin_01054200
2026-07-01 10:34:50,026: train_basin_file: C:\GitHub\climate-change\NeuralHydrology\rq3_finetune\basin_lists_multibasin\basin_01054200.txt
2026-07-01 10:34:50,026: validation_basin_file: C:\GitHub\climate-change\NeuralHydrology\rq3_finetune\basin_lists_multibasin\basin_01054200.txt
2026-07-01 10:34:50,026: test_basin_file: C:\GitHub\climate-change\NeuralHydrology\rq3_finetune\basin_lists_multibasin\basin_01054200.txt
2026-07-01 10:34:50,026: train_start_date: 1999-10-01 00:00:00
2026-07-01 10:34:50,026: train_end_date: 2008-09-30 00:00:00
2026-07-01 10:34:50,026: validation_start_date: 1980-10-01 00:00:00
2026-07-01 10:34:50,026: validation_end_date: 1989-09-30 00:00:00
2026-07-01 10:34:50,027: test_start_date: 1989-10-01 00:00:00
2026-07-01 10:34:50,027: test_end_date: 1999-09-30 00:00:00
2026-07-01 10:34:50,027: device: cpu
2026-07-01 10:34:50,027: validate_every: 3
2026-07-01 10:34:50,027: validate_n_random_basins: 1
2026-07-01 10:34:50,027: metrics: ['NSE', 'KGE']
2026-07-01 10:34:50,027: model: cudalstm
2026-07-01 10:34:50,027: head: regression
2026-07-01 10:34:50,027: output_activation: linear
2026-07-01 10:34:50,027: hidden_size: 64
2026-07-01 10:34:50,027: initial_forget_bias: 3
2026-07-01 10:34:50,027: output_dropout: 0.4
2026-07-01 10:34:50,027: optimizer: Adam
2026-07-01 10:34:50,029: loss: NSE
2026-07-01 10:34:50,029: learning_rate: {0: 0.0005, 2: 5e-05}
2026-07-01 10:34:50,029: epochs: 10
2026-07-01 10:34:50,029: batch_size: 256
2026-07-01 10:34:50,029: clip_gradient_norm: 1
2026-07-01 10:34:50,029: predict_last_n: 1
2026-07-01 10:34:50,029: seq_length: 365
2026-07-01 10:34:50,029: num_workers: 0
2026-07-01 10:34:50,029: log_interval: 5
2026-07-01 10:34:50,029: log_tensorboard: False
2026-07-01 10:34:50,029: save_weights_every: 1
2026-07-01 10:34:50,030: save_validation_results: True
2026-07-01 10:34:50,030: dataset: camels_us
2026-07-01 10:34:50,030: data_dir: C:\GitHub\climate-change\NeuralHydrology\data\CAMELS_US
2026-07-01 10:34:50,030: forcings: ['daymet']
2026-07-01 10:34:50,030: dynamic_inputs: ['prcp(mm/day)', 'srad(W/m2)', 'tmax(C)', 'tmin(C)', 'vp(Pa)']
2026-07-01 10:34:50,030: static_attributes: []
2026-07-01 10:34:50,030: target_variables: ['QObs(mm/d)']
2026-07-01 10:34:50,030: clip_targets_to_zero: ['QObs(mm/d)']
2026-07-01 10:34:50,030: seed: 1001
2026-07-01 10:34:50,030: number_of_basins: 1
2026-07-01 10:34:50,030: run_dir: C:\GitHub\climate-change\NeuralHydrology\rq3_finetune\runs\rq3_scratch_basin_01054200_0107_103450
2026-07-01 10:34:50,031: train_dir: C:\GitHub\climate-change\NeuralHydrology\rq3_finetune\runs\rq3_scratch_basin_01054200_0107_103450\train_data
2026-07-01 10:34:50,031: img_log_dir: C:\GitHub\climate-change\NeuralHydrology\rq3_finetune\runs\rq3_scratch_basin_01054200_0107_103450\img_log
2026-07-01 10:34:50,032: ### Device cpu will be used for training
2026-07-01 10:34:50,032: Loading basin data into xarray data set.
2026-07-01 10:34:50,161: Calculating target variable stds per basin
2026-07-01 10:34:50,165: Create lookup table and convert to pytorch tensor
2026-07-01 10:34:53,190: Epoch 1 average loss: avg_loss: 0.04126, avg_total_loss: 0.04126
2026-07-01 10:34:53,194: Setting learning rate to 5e-05
2026-07-01 10:34:55,889: Epoch 2 average loss: avg_loss: 0.03885, avg_total_loss: 0.03885
2026-07-01 10:34:58,430: Epoch 3 average loss: avg_loss: 0.03833, avg_total_loss: 0.03833
2026-07-01 10:34:58,919: Stored metrics at C:\GitHub\climate-change\NeuralHydrology\rq3_finetune\runs\rq3_scratch_basin_01054200_0107_103450\validation\model_epoch003\validation_metrics.csv
2026-07-01 10:34:58,920: Stored results at C:\GitHub\climate-change\NeuralHydrology\rq3_finetune\runs\rq3_scratch_basin_01054200_0107_103450\validation\model_epoch003\validation_results.p
2026-07-01 10:34:58,920: Epoch 3 average validation loss: 0.03747 -- Median validation metrics: avg_loss: 0.03747, NSE: 0.06134, KGE: -0.11489
2026-07-01 10:35:01,193: Epoch 4 average loss: avg_loss: 0.03825, avg_total_loss: 0.03825
2026-07-01 10:35:03,466: Epoch 5 average loss: avg_loss: 0.03721, avg_total_loss: 0.03721
2026-07-01 10:35:05,838: Epoch 6 average loss: avg_loss: 0.03745, avg_total_loss: 0.03745
2026-07-01 10:35:06,248: Stored metrics at C:\GitHub\climate-change\NeuralHydrology\rq3_finetune\runs\rq3_scratch_basin_01054200_0107_103450\validation\model_epoch006\validation_metrics.csv
2026-07-01 10:35:06,250: Stored results at C:\GitHub\climate-change\NeuralHydrology\rq3_finetune\runs\rq3_scratch_basin_01054200_0107_103450\validation\model_epoch006\validation_results.p
2026-07-01 10:35:06,250: Epoch 6 average validation loss: 0.03653 -- Median validation metrics: avg_loss: 0.03653, NSE: 0.08334, KGE: -0.06650
2026-07-01 10:35:08,661: Epoch 7 average loss: avg_loss: 0.03695, avg_total_loss: 0.03695
2026-07-01 10:35:10,880: Epoch 8 average loss: avg_loss: 0.03674, avg_total_loss: 0.03674
2026-07-01 10:35:13,082: Epoch 9 average loss: avg_loss: 0.03637, avg_total_loss: 0.03637
2026-07-01 10:35:13,460: Stored metrics at C:\GitHub\climate-change\NeuralHydrology\rq3_finetune\runs\rq3_scratch_basin_01054200_0107_103450\validation\model_epoch009\validation_metrics.csv
2026-07-01 10:35:13,461: Stored results at C:\GitHub\climate-change\NeuralHydrology\rq3_finetune\runs\rq3_scratch_basin_01054200_0107_103450\validation\model_epoch009\validation_results.p
2026-07-01 10:35:13,462: Epoch 9 average validation loss: 0.03606 -- Median validation metrics: avg_loss: 0.03606, NSE: 0.09389, KGE: -0.04798
2026-07-01 10:35:15,636: Epoch 10 average loss: avg_loss: 0.03624, avg_total_loss: 0.03624
2026-07-01 10:35:15,667: Logging to C:\GitHub\climate-change\NeuralHydrology\rq3_finetune\runs\rq3_finetuned_basin_01054200_0107_103515\output.log initialized.
2026-07-01 10:35:15,667: ### Folder structure created at C:\GitHub\climate-change\NeuralHydrology\rq3_finetune\runs\rq3_finetuned_basin_01054200_0107_103515
2026-07-01 10:35:15,667: ### Start finetuning with pretrained model stored in C:\GitHub\climate-change\runs\rq3_base_global_3006_154109
2026-07-01 10:35:15,667: ### Run configurations for rq3_finetuned_basin_01054200
2026-07-01 10:35:15,667: batch_size: 256
2026-07-01 10:35:15,667: clip_gradient_norm: 1
2026-07-01 10:35:15,668: clip_targets_to_zero: ['QObs(mm/d)']
2026-07-01 10:35:15,668: commit_hash: None
2026-07-01 10:35:15,668: data_dir: C:\GitHub\climate-change\NeuralHydrology\data\CAMELS_US
2026-07-01 10:35:15,668: dataset: camels_us
2026-07-01 10:35:15,668: device: cpu
2026-07-01 10:35:15,668: dynamic_inputs: ['prcp(mm/day)', 'srad(W/m2)', 'tmax(C)', 'tmin(C)', 'vp(Pa)']
2026-07-01 10:35:15,668: epochs: 10
2026-07-01 10:35:15,668: experiment_name: rq3_finetuned_basin_01054200
2026-07-01 10:35:15,668: forcings: ['daymet']
2026-07-01 10:35:15,669: head: regression
2026-07-01 10:35:15,669: hidden_size: 64
2026-07-01 10:35:15,669: img_log_dir: C:\GitHub\climate-change\NeuralHydrology\rq3_finetune\runs\rq3_finetuned_basin_01054200_0107_103515\img_log
2026-07-01 10:35:15,669: initial_forget_bias: 3
2026-07-01 10:35:15,669: learning_rate: {0: 0.0005, 2: 5e-05}
2026-07-01 10:35:15,669: log_interval: 5
2026-07-01 10:35:15,669: log_tensorboard: False
2026-07-01 10:35:15,669: loss: NSE
2026-07-01 10:35:15,669: metrics: ['NSE', 'KGE']
2026-07-01 10:35:15,669: model: cudalstm
2026-07-01 10:35:15,669: num_workers: 0
2026-07-01 10:35:15,670: number_of_basins: 1
2026-07-01 10:35:15,670: optimizer: Adam
2026-07-01 10:35:15,670: output_activation: linear
2026-07-01 10:35:15,670: output_dropout: 0.4
2026-07-01 10:35:15,670: package_version: 1.13.0
2026-07-01 10:35:15,670: predict_last_n: 1
2026-07-01 10:35:15,670: run_dir: C:\GitHub\climate-change\NeuralHydrology\rq3_finetune\runs\rq3_finetuned_basin_01054200_0107_103515
2026-07-01 10:35:15,670: save_validation_results: True
2026-07-01 10:35:15,670: save_weights_every: 1
2026-07-01 10:35:15,670: seed: 1001
2026-07-01 10:35:15,670: seq_length: 365
2026-07-01 10:35:15,670: static_attributes: ['elev_mean', 'slope_mean', 'area_gages2', 'frac_forest', 'lai_max', 'lai_diff', 'gvf_max', 'gvf_diff', 'soil_depth_pelletier', 'soil_depth_statsgo', 'soil_porosity', 'soil_conductivity', 'max_water_content', 'sand_frac', 'silt_frac', 'clay_frac', 'carbonate_rocks_frac', 'geol_permeability', 'p_mean', 'pet_mean', 'aridity', 'frac_snow', 'high_prec_freq', 'high_prec_dur', 'low_prec_freq', 'low_prec_dur']
2026-07-01 10:35:15,671: target_variables: ['QObs(mm/d)']
2026-07-01 10:35:15,671: test_basin_file: C:\GitHub\climate-change\NeuralHydrology\rq3_finetune\basin_lists_multibasin\basin_01054200.txt
2026-07-01 10:35:15,671: test_end_date: 1999-09-30 00:00:00
2026-07-01 10:35:15,671: test_start_date: 1989-10-01 00:00:00
2026-07-01 10:35:15,671: train_basin_file: C:\GitHub\climate-change\NeuralHydrology\rq3_finetune\basin_lists_multibasin\basin_01054200.txt
2026-07-01 10:35:15,671: train_dir: C:\GitHub\climate-change\NeuralHydrology\rq3_finetune\runs\rq3_finetuned_basin_01054200_0107_103515\train_data
2026-07-01 10:35:15,671: train_end_date: 2008-09-30 00:00:00
2026-07-01 10:35:15,671: train_start_date: 1999-10-01 00:00:00
2026-07-01 10:35:15,671: validate_every: 3
2026-07-01 10:35:15,671: validate_n_random_basins: 10
2026-07-01 10:35:15,671: validation_basin_file: C:\GitHub\climate-change\NeuralHydrology\rq3_finetune\basin_lists_multibasin\basin_01054200.txt
2026-07-01 10:35:15,672: validation_end_date: 1989-09-30 00:00:00
2026-07-01 10:35:15,672: validation_start_date: 1980-10-01 00:00:00
2026-07-01 10:35:15,672: finetune_modules: ['head', 'lstm']
2026-07-01 10:35:15,672: base_run_dir: C:\GitHub\climate-change\runs\rq3_base_global_3006_154109
2026-07-01 10:35:15,672: is_finetuning: True
2026-07-01 10:35:15,672: is_continue_training: False
2026-07-01 10:35:15,673: ### Device cpu will be used for training
2026-07-01 10:35:15,719: Loading basin data into xarray data set.
2026-07-01 10:35:15,829: Calculating target variable stds per basin
2026-07-01 10:35:15,831: Create lookup table and convert to pytorch tensor
2026-07-01 10:35:15,862: Starting training from checkpoint C:\GitHub\climate-change\runs\rq3_base_global_3006_154109\model_epoch003.pt
2026-07-01 10:35:18,256: Epoch 1 average loss: avg_loss: 0.03146, avg_total_loss: 0.03146
2026-07-01 10:35:18,261: Setting learning rate to 5e-05
2026-07-01 10:35:20,543: Epoch 2 average loss: avg_loss: 0.02944, avg_total_loss: 0.02944
2026-07-01 10:35:23,060: Epoch 3 average loss: avg_loss: 0.02930, avg_total_loss: 0.02930
2026-07-01 10:35:23,652: Stored metrics at C:\GitHub\climate-change\NeuralHydrology\rq3_finetune\runs\rq3_finetuned_basin_01054200_0107_103515\validation\model_epoch003\validation_metrics.csv
2026-07-01 10:35:23,653: Stored results at C:\GitHub\climate-change\NeuralHydrology\rq3_finetune\runs\rq3_finetuned_basin_01054200_0107_103515\validation\model_epoch003\validation_results.p
2026-07-01 10:35:23,654: Epoch 3 average validation loss: 0.02444 -- Median validation metrics: avg_loss: 0.02444, NSE: 0.67008, KGE: 0.63804
2026-07-01 10:35:25,999: Epoch 4 average loss: avg_loss: 0.02903, avg_total_loss: 0.02903
2026-07-01 10:35:28,396: Epoch 5 average loss: avg_loss: 0.02932, avg_total_loss: 0.02932
2026-07-01 10:35:30,634: Epoch 6 average loss: avg_loss: 0.02784, avg_total_loss: 0.02784
2026-07-01 10:35:31,103: Stored metrics at C:\GitHub\climate-change\NeuralHydrology\rq3_finetune\runs\rq3_finetuned_basin_01054200_0107_103515\validation\model_epoch006\validation_metrics.csv
2026-07-01 10:35:31,105: Stored results at C:\GitHub\climate-change\NeuralHydrology\rq3_finetune\runs\rq3_finetuned_basin_01054200_0107_103515\validation\model_epoch006\validation_results.p
2026-07-01 10:35:31,105: Epoch 6 average validation loss: 0.02407 -- Median validation metrics: avg_loss: 0.02407, NSE: 0.67464, KGE: 0.64146
2026-07-01 10:35:33,396: Epoch 7 average loss: avg_loss: 0.02767, avg_total_loss: 0.02767
2026-07-01 10:35:35,646: Epoch 8 average loss: avg_loss: 0.02786, avg_total_loss: 0.02786
2026-07-01 10:35:38,090: Epoch 9 average loss: avg_loss: 0.02761, avg_total_loss: 0.02761
2026-07-01 10:35:38,544: Stored metrics at C:\GitHub\climate-change\NeuralHydrology\rq3_finetune\runs\rq3_finetuned_basin_01054200_0107_103515\validation\model_epoch009\validation_metrics.csv
2026-07-01 10:35:38,545: Stored results at C:\GitHub\climate-change\NeuralHydrology\rq3_finetune\runs\rq3_finetuned_basin_01054200_0107_103515\validation\model_epoch009\validation_results.p
2026-07-01 10:35:38,545: Epoch 9 average validation loss: 0.02382 -- Median validation metrics: avg_loss: 0.02382, NSE: 0.67785, KGE: 0.64088
2026-07-01 10:35:40,758: Epoch 10 average loss: avg_loss: 0.02592, avg_total_loss: 0.02592
2026-07-01 10:35:40,792: Using the model weights from C:\GitHub\climate-change\NeuralHydrology\rq3_finetune\runs\rq3_scratch_basin_01054200_0107_103450\model_epoch010.pt
2026-07-01 10:35:41,318: Stored metrics at C:\GitHub\climate-change\NeuralHydrology\rq3_finetune\runs\rq3_scratch_basin_01054200_0107_103450\test\model_epoch010\test_metrics.csv
2026-07-01 10:35:41,320: Stored results at C:\GitHub\climate-change\NeuralHydrology\rq3_finetune\runs\rq3_scratch_basin_01054200_0107_103450\test\model_epoch010\test_results.p
2026-07-01 10:35:41,349: Using the model weights from C:\GitHub\climate-change\NeuralHydrology\rq3_finetune\runs\rq3_finetuned_basin_01054200_0107_103515\model_epoch010.pt
2026-07-01 10:35:42,005: Stored metrics at C:\GitHub\climate-change\NeuralHydrology\rq3_finetune\runs\rq3_finetuned_basin_01054200_0107_103515\test\model_epoch010\test_metrics.csv
2026-07-01 10:35:42,006: Stored results at C:\GitHub\climate-change\NeuralHydrology\rq3_finetune\runs\rq3_finetuned_basin_01054200_0107_103515\test\model_epoch010\test_results.p
2026-07-01 10:35:42,066: Logging to C:\GitHub\climate-change\NeuralHydrology\rq3_finetune\runs\rq3_scratch_basin_01055000_0107_103542\output.log initialized.
2026-07-01 10:35:42,066: ### Folder structure created at C:\GitHub\climate-change\NeuralHydrology\rq3_finetune\runs\rq3_scratch_basin_01055000_0107_103542
2026-07-01 10:35:42,066: ### Run configurations for rq3_scratch_basin_01055000
2026-07-01 10:35:42,066: experiment_name: rq3_scratch_basin_01055000
2026-07-01 10:35:42,067: train_basin_file: C:\GitHub\climate-change\NeuralHydrology\rq3_finetune\basin_lists_multibasin\basin_01055000.txt
2026-07-01 10:35:42,067: validation_basin_file: C:\GitHub\climate-change\NeuralHydrology\rq3_finetune\basin_lists_multibasin\basin_01055000.txt
2026-07-01 10:35:42,067: test_basin_file: C:\GitHub\climate-change\NeuralHydrology\rq3_finetune\basin_lists_multibasin\basin_01055000.txt
2026-07-01 10:35:42,067: train_start_date: 1999-10-01 00:00:00
2026-07-01 10:35:42,067: train_end_date: 2008-09-30 00:00:00
2026-07-01 10:35:42,067: validation_start_date: 1980-10-01 00:00:00
2026-07-01 10:35:42,067: validation_end_date: 1989-09-30 00:00:00
2026-07-01 10:35:42,067: test_start_date: 1989-10-01 00:00:00
2026-07-01 10:35:42,067: test_end_date: 1999-09-30 00:00:00
2026-07-01 10:35:42,068: device: cpu
2026-07-01 10:35:42,068: validate_every: 3
2026-07-01 10:35:42,068: validate_n_random_basins: 1
2026-07-01 10:35:42,068: metrics: ['NSE', 'KGE']
2026-07-01 10:35:42,068: model: cudalstm
2026-07-01 10:35:42,068: head: regression
2026-07-01 10:35:42,068: output_activation: linear
2026-07-01 10:35:42,068: hidden_size: 64
2026-07-01 10:35:42,069: initial_forget_bias: 3
2026-07-01 10:35:42,069: output_dropout: 0.4
2026-07-01 10:35:42,069: optimizer: Adam
2026-07-01 10:35:42,069: loss: NSE
2026-07-01 10:35:42,069: learning_rate: {0: 0.0005, 2: 5e-05}
2026-07-01 10:35:42,069: epochs: 10
2026-07-01 10:35:42,069: batch_size: 256
2026-07-01 10:35:42,069: clip_gradient_norm: 1
2026-07-01 10:35:42,070: predict_last_n: 1
2026-07-01 10:35:42,070: seq_length: 365
2026-07-01 10:35:42,070: num_workers: 0
2026-07-01 10:35:42,070: log_interval: 5
2026-07-01 10:35:42,070: log_tensorboard: False
2026-07-01 10:35:42,070: save_weights_every: 1
2026-07-01 10:35:42,070: save_validation_results: True
2026-07-01 10:35:42,070: dataset: camels_us
2026-07-01 10:35:42,070: data_dir: C:\GitHub\climate-change\NeuralHydrology\data\CAMELS_US
2026-07-01 10:35:42,071: forcings: ['daymet']
2026-07-01 10:35:42,071: dynamic_inputs: ['prcp(mm/day)', 'srad(W/m2)', 'tmax(C)', 'tmin(C)', 'vp(Pa)']
2026-07-01 10:35:42,071: static_attributes: []
2026-07-01 10:35:42,071: target_variables: ['QObs(mm/d)']
2026-07-01 10:35:42,071: clip_targets_to_zero: ['QObs(mm/d)']
2026-07-01 10:35:42,071: seed: 1001
2026-07-01 10:35:42,071: number_of_basins: 1
2026-07-01 10:35:42,071: run_dir: C:\GitHub\climate-change\NeuralHydrology\rq3_finetune\runs\rq3_scratch_basin_01055000_0107_103542
2026-07-01 10:35:42,071: train_dir: C:\GitHub\climate-change\NeuralHydrology\rq3_finetune\runs\rq3_scratch_basin_01055000_0107_103542\train_data
2026-07-01 10:35:42,072: img_log_dir: C:\GitHub\climate-change\NeuralHydrology\rq3_finetune\runs\rq3_scratch_basin_01055000_0107_103542\img_log
2026-07-01 10:35:42,073: ### Device cpu will be used for training
2026-07-01 10:35:42,074: Loading basin data into xarray data set.
2026-07-01 10:35:42,237: Calculating target variable stds per basin
2026-07-01 10:35:42,240: Create lookup table and convert to pytorch tensor
2026-07-01 10:35:44,626: Epoch 1 average loss: avg_loss: 0.06371, avg_total_loss: 0.06371
2026-07-01 10:35:44,630: Setting learning rate to 5e-05
2026-07-01 10:35:46,694: Epoch 2 average loss: avg_loss: 0.05947, avg_total_loss: 0.05947
2026-07-01 10:35:48,881: Epoch 3 average loss: avg_loss: 0.05856, avg_total_loss: 0.05856
2026-07-01 10:35:49,372: Stored metrics at C:\GitHub\climate-change\NeuralHydrology\rq3_finetune\runs\rq3_scratch_basin_01055000_0107_103542\validation\model_epoch003\validation_metrics.csv
2026-07-01 10:35:49,373: Stored results at C:\GitHub\climate-change\NeuralHydrology\rq3_finetune\runs\rq3_scratch_basin_01055000_0107_103542\validation\model_epoch003\validation_results.p
2026-07-01 10:35:49,374: Epoch 3 average validation loss: 0.05981 -- Median validation metrics: avg_loss: 0.05981, NSE: 0.09013, KGE: -0.05508
2026-07-01 10:35:51,439: Epoch 4 average loss: avg_loss: 0.05763, avg_total_loss: 0.05763
2026-07-01 10:35:53,631: Epoch 5 average loss: avg_loss: 0.05582, avg_total_loss: 0.05582
2026-07-01 10:35:55,729: Epoch 6 average loss: avg_loss: 0.05625, avg_total_loss: 0.05625
2026-07-01 10:35:56,108: Stored metrics at C:\GitHub\climate-change\NeuralHydrology\rq3_finetune\runs\rq3_scratch_basin_01055000_0107_103542\validation\model_epoch006\validation_metrics.csv
2026-07-01 10:35:56,109: Stored results at C:\GitHub\climate-change\NeuralHydrology\rq3_finetune\runs\rq3_scratch_basin_01055000_0107_103542\validation\model_epoch006\validation_results.p
2026-07-01 10:35:56,110: Epoch 6 average validation loss: 0.05849 -- Median validation metrics: avg_loss: 0.05849, NSE: 0.10949, KGE: -0.01455
2026-07-01 10:35:58,737: Epoch 7 average loss: avg_loss: 0.05496, avg_total_loss: 0.05496
2026-07-01 10:36:01,360: Epoch 8 average loss: avg_loss: 0.05532, avg_total_loss: 0.05532
2026-07-01 10:36:03,845: Epoch 9 average loss: avg_loss: 0.05365, avg_total_loss: 0.05365
2026-07-01 10:36:04,275: Stored metrics at C:\GitHub\climate-change\NeuralHydrology\rq3_finetune\runs\rq3_scratch_basin_01055000_0107_103542\validation\model_epoch009\validation_metrics.csv
2026-07-01 10:36:04,276: Stored results at C:\GitHub\climate-change\NeuralHydrology\rq3_finetune\runs\rq3_scratch_basin_01055000_0107_103542\validation\model_epoch009\validation_results.p
2026-07-01 10:36:04,277: Epoch 9 average validation loss: 0.05738 -- Median validation metrics: avg_loss: 0.05738, NSE: 0.12482, KGE: 0.01992
2026-07-01 10:36:06,757: Epoch 10 average loss: avg_loss: 0.05427, avg_total_loss: 0.05427
2026-07-01 10:36:06,795: Logging to C:\GitHub\climate-change\NeuralHydrology\rq3_finetune\runs\rq3_finetuned_basin_01055000_0107_103606\output.log initialized.
2026-07-01 10:36:06,796: ### Folder structure created at C:\GitHub\climate-change\NeuralHydrology\rq3_finetune\runs\rq3_finetuned_basin_01055000_0107_103606
2026-07-01 10:36:06,796: ### Start finetuning with pretrained model stored in C:\GitHub\climate-change\runs\rq3_base_global_3006_154109
2026-07-01 10:36:06,796: ### Run configurations for rq3_finetuned_basin_01055000
2026-07-01 10:36:06,796: batch_size: 256
2026-07-01 10:36:06,796: clip_gradient_norm: 1
2026-07-01 10:36:06,796: clip_targets_to_zero: ['QObs(mm/d)']
2026-07-01 10:36:06,797: commit_hash: None
2026-07-01 10:36:06,797: data_dir: C:\GitHub\climate-change\NeuralHydrology\data\CAMELS_US
2026-07-01 10:36:06,797: dataset: camels_us
2026-07-01 10:36:06,797: device: cpu
2026-07-01 10:36:06,797: dynamic_inputs: ['prcp(mm/day)', 'srad(W/m2)', 'tmax(C)', 'tmin(C)', 'vp(Pa)']
2026-07-01 10:36:06,797: epochs: 10
2026-07-01 10:36:06,797: experiment_name: rq3_finetuned_basin_01055000
2026-07-01 10:36:06,797: forcings: ['daymet']
2026-07-01 10:36:06,797: head: regression
2026-07-01 10:36:06,798: hidden_size: 64
2026-07-01 10:36:06,798: img_log_dir: C:\GitHub\climate-change\NeuralHydrology\rq3_finetune\runs\rq3_finetuned_basin_01055000_0107_103606\img_log
2026-07-01 10:36:06,798: initial_forget_bias: 3
2026-07-01 10:36:06,798: learning_rate: {0: 0.0005, 2: 5e-05}
2026-07-01 10:36:06,798: log_interval: 5
2026-07-01 10:36:06,798: log_tensorboard: False
2026-07-01 10:36:06,798: loss: NSE
2026-07-01 10:36:06,798: metrics: ['NSE', 'KGE']
2026-07-01 10:36:06,798: model: cudalstm
2026-07-01 10:36:06,798: num_workers: 0
2026-07-01 10:36:06,799: number_of_basins: 1
2026-07-01 10:36:06,799: optimizer: Adam
2026-07-01 10:36:06,799: output_activation: linear
2026-07-01 10:36:06,799: output_dropout: 0.4
2026-07-01 10:36:06,799: package_version: 1.13.0
2026-07-01 10:36:06,799: predict_last_n: 1
2026-07-01 10:36:06,799: run_dir: C:\GitHub\climate-change\NeuralHydrology\rq3_finetune\runs\rq3_finetuned_basin_01055000_0107_103606
2026-07-01 10:36:06,799: save_validation_results: True
2026-07-01 10:36:06,799: save_weights_every: 1
2026-07-01 10:36:06,799: seed: 1001
2026-07-01 10:36:06,799: seq_length: 365
2026-07-01 10:36:06,800: static_attributes: ['elev_mean', 'slope_mean', 'area_gages2', 'frac_forest', 'lai_max', 'lai_diff', 'gvf_max', 'gvf_diff', 'soil_depth_pelletier', 'soil_depth_statsgo', 'soil_porosity', 'soil_conductivity', 'max_water_content', 'sand_frac', 'silt_frac', 'clay_frac', 'carbonate_rocks_frac', 'geol_permeability', 'p_mean', 'pet_mean', 'aridity', 'frac_snow', 'high_prec_freq', 'high_prec_dur', 'low_prec_freq', 'low_prec_dur']
2026-07-01 10:36:06,800: target_variables: ['QObs(mm/d)']
2026-07-01 10:36:06,800: test_basin_file: C:\GitHub\climate-change\NeuralHydrology\rq3_finetune\basin_lists_multibasin\basin_01055000.txt
2026-07-01 10:36:06,800: test_end_date: 1999-09-30 00:00:00
2026-07-01 10:36:06,800: test_start_date: 1989-10-01 00:00:00
2026-07-01 10:36:06,800: train_basin_file: C:\GitHub\climate-change\NeuralHydrology\rq3_finetune\basin_lists_multibasin\basin_01055000.txt
2026-07-01 10:36:06,801: train_dir: C:\GitHub\climate-change\NeuralHydrology\rq3_finetune\runs\rq3_finetuned_basin_01055000_0107_103606\train_data
2026-07-01 10:36:06,801: train_end_date: 2008-09-30 00:00:00
2026-07-01 10:36:06,801: train_start_date: 1999-10-01 00:00:00
2026-07-01 10:36:06,801: validate_every: 3
2026-07-01 10:36:06,801: validate_n_random_basins: 10
2026-07-01 10:36:06,802: validation_basin_file: C:\GitHub\climate-change\NeuralHydrology\rq3_finetune\basin_lists_multibasin\basin_01055000.txt
2026-07-01 10:36:06,802: validation_end_date: 1989-09-30 00:00:00
2026-07-01 10:36:06,802: validation_start_date: 1980-10-01 00:00:00
2026-07-01 10:36:06,802: finetune_modules: ['head', 'lstm']
2026-07-01 10:36:06,802: base_run_dir: C:\GitHub\climate-change\runs\rq3_base_global_3006_154109
2026-07-01 10:36:06,802: is_finetuning: True
2026-07-01 10:36:06,803: is_continue_training: False
2026-07-01 10:36:06,806: ### Device cpu will be used for training
2026-07-01 10:36:06,843: Loading basin data into xarray data set.
2026-07-01 10:36:06,956: Calculating target variable stds per basin
2026-07-01 10:36:06,959: Create lookup table and convert to pytorch tensor
2026-07-01 10:36:06,988: Starting training from checkpoint C:\GitHub\climate-change\runs\rq3_base_global_3006_154109\model_epoch003.pt
2026-07-01 10:36:09,502: Epoch 1 average loss: avg_loss: 0.02058, avg_total_loss: 0.02058
2026-07-01 10:36:09,506: Setting learning rate to 5e-05
2026-07-01 10:36:11,833: Epoch 2 average loss: avg_loss: 0.01927, avg_total_loss: 0.01927
2026-07-01 10:36:14,295: Epoch 3 average loss: avg_loss: 0.01902, avg_total_loss: 0.01902
2026-07-01 10:36:14,955: Stored metrics at C:\GitHub\climate-change\NeuralHydrology\rq3_finetune\runs\rq3_finetuned_basin_01055000_0107_103606\validation\model_epoch003\validation_metrics.csv
2026-07-01 10:36:14,957: Stored results at C:\GitHub\climate-change\NeuralHydrology\rq3_finetune\runs\rq3_finetuned_basin_01055000_0107_103606\validation\model_epoch003\validation_results.p
2026-07-01 10:36:14,957: Epoch 3 average validation loss: 0.02205 -- Median validation metrics: avg_loss: 0.02205, NSE: 0.70890, KGE: 0.68620
2026-07-01 10:36:17,480: Epoch 4 average loss: avg_loss: 0.01970, avg_total_loss: 0.01970
2026-07-01 10:36:20,185: Epoch 5 average loss: avg_loss: 0.01883, avg_total_loss: 0.01883
2026-07-01 10:36:22,943: Epoch 6 average loss: avg_loss: 0.01844, avg_total_loss: 0.01844
2026-07-01 10:36:23,572: Stored metrics at C:\GitHub\climate-change\NeuralHydrology\rq3_finetune\runs\rq3_finetuned_basin_01055000_0107_103606\validation\model_epoch006\validation_metrics.csv
2026-07-01 10:36:23,573: Stored results at C:\GitHub\climate-change\NeuralHydrology\rq3_finetune\runs\rq3_finetuned_basin_01055000_0107_103606\validation\model_epoch006\validation_results.p
2026-07-01 10:36:23,573: Epoch 6 average validation loss: 0.02180 -- Median validation metrics: avg_loss: 0.02180, NSE: 0.71217, KGE: 0.69264
2026-07-01 10:36:25,972: Epoch 7 average loss: avg_loss: 0.01777, avg_total_loss: 0.01777
2026-07-01 10:36:28,363: Epoch 8 average loss: avg_loss: 0.01792, avg_total_loss: 0.01792
2026-07-01 10:36:30,757: Epoch 9 average loss: avg_loss: 0.01812, avg_total_loss: 0.01812
2026-07-01 10:36:31,232: Stored metrics at C:\GitHub\climate-change\NeuralHydrology\rq3_finetune\runs\rq3_finetuned_basin_01055000_0107_103606\validation\model_epoch009\validation_metrics.csv
2026-07-01 10:36:31,233: Stored results at C:\GitHub\climate-change\NeuralHydrology\rq3_finetune\runs\rq3_finetuned_basin_01055000_0107_103606\validation\model_epoch009\validation_results.p
2026-07-01 10:36:31,234: Epoch 9 average validation loss: 0.02153 -- Median validation metrics: avg_loss: 0.02153, NSE: 0.71541, KGE: 0.69754
2026-07-01 10:36:33,842: Epoch 10 average loss: avg_loss: 0.01655, avg_total_loss: 0.01655
2026-07-01 10:36:33,893: Using the model weights from C:\GitHub\climate-change\NeuralHydrology\rq3_finetune\runs\rq3_scratch_basin_01055000_0107_103542\model_epoch010.pt
2026-07-01 10:36:34,508: Stored metrics at C:\GitHub\climate-change\NeuralHydrology\rq3_finetune\runs\rq3_scratch_basin_01055000_0107_103542\test\model_epoch010\test_metrics.csv
2026-07-01 10:36:34,509: Stored results at C:\GitHub\climate-change\NeuralHydrology\rq3_finetune\runs\rq3_scratch_basin_01055000_0107_103542\test\model_epoch010\test_results.p
2026-07-01 10:36:34,546: Using the model weights from C:\GitHub\climate-change\NeuralHydrology\rq3_finetune\runs\rq3_finetuned_basin_01055000_0107_103606\model_epoch010.pt
2026-07-01 10:36:35,208: Stored metrics at C:\GitHub\climate-change\NeuralHydrology\rq3_finetune\runs\rq3_finetuned_basin_01055000_0107_103606\test\model_epoch010\test_metrics.csv
2026-07-01 10:36:35,209: Stored results at C:\GitHub\climate-change\NeuralHydrology\rq3_finetune\runs\rq3_finetuned_basin_01055000_0107_103606\test\model_epoch010\test_results.p
2026-07-01 10:36:35,264: Logging to C:\GitHub\climate-change\NeuralHydrology\rq3_finetune\runs\rq3_scratch_basin_01057000_0107_103635\output.log initialized.
2026-07-01 10:36:35,265: ### Folder structure created at C:\GitHub\climate-change\NeuralHydrology\rq3_finetune\runs\rq3_scratch_basin_01057000_0107_103635
2026-07-01 10:36:35,265: ### Run configurations for rq3_scratch_basin_01057000
2026-07-01 10:36:35,265: experiment_name: rq3_scratch_basin_01057000
2026-07-01 10:36:35,265: train_basin_file: C:\GitHub\climate-change\NeuralHydrology\rq3_finetune\basin_lists_multibasin\basin_01057000.txt
2026-07-01 10:36:35,265: validation_basin_file: C:\GitHub\climate-change\NeuralHydrology\rq3_finetune\basin_lists_multibasin\basin_01057000.txt
2026-07-01 10:36:35,265: test_basin_file: C:\GitHub\climate-change\NeuralHydrology\rq3_finetune\basin_lists_multibasin\basin_01057000.txt
2026-07-01 10:36:35,265: train_start_date: 1999-10-01 00:00:00
2026-07-01 10:36:35,265: train_end_date: 2008-09-30 00:00:00
2026-07-01 10:36:35,266: validation_start_date: 1980-10-01 00:00:00
2026-07-01 10:36:35,266: validation_end_date: 1989-09-30 00:00:00
2026-07-01 10:36:35,266: test_start_date: 1989-10-01 00:00:00
2026-07-01 10:36:35,266: test_end_date: 1999-09-30 00:00:00
2026-07-01 10:36:35,266: device: cpu
2026-07-01 10:36:35,266: validate_every: 3
2026-07-01 10:36:35,266: validate_n_random_basins: 1
2026-07-01 10:36:35,266: metrics: ['NSE', 'KGE']
2026-07-01 10:36:35,266: model: cudalstm
2026-07-01 10:36:35,266: head: regression
2026-07-01 10:36:35,266: output_activation: linear
2026-07-01 10:36:35,267: hidden_size: 64
2026-07-01 10:36:35,267: initial_forget_bias: 3
2026-07-01 10:36:35,267: output_dropout: 0.4
2026-07-01 10:36:35,267: optimizer: Adam
2026-07-01 10:36:35,267: loss: NSE
2026-07-01 10:36:35,267: learning_rate: {0: 0.0005, 2: 5e-05}
2026-07-01 10:36:35,267: epochs: 10
2026-07-01 10:36:35,267: batch_size: 256
2026-07-01 10:36:35,267: clip_gradient_norm: 1
2026-07-01 10:36:35,267: predict_last_n: 1
2026-07-01 10:36:35,267: seq_length: 365
2026-07-01 10:36:35,268: num_workers: 0
2026-07-01 10:36:35,268: log_interval: 5
2026-07-01 10:36:35,268: log_tensorboard: False
2026-07-01 10:36:35,268: save_weights_every: 1
2026-07-01 10:36:35,268: save_validation_results: True
2026-07-01 10:36:35,268: dataset: camels_us
2026-07-01 10:36:35,268: data_dir: C:\GitHub\climate-change\NeuralHydrology\data\CAMELS_US
2026-07-01 10:36:35,268: forcings: ['daymet']
2026-07-01 10:36:35,268: dynamic_inputs: ['prcp(mm/day)', 'srad(W/m2)', 'tmax(C)', 'tmin(C)', 'vp(Pa)']
2026-07-01 10:36:35,268: static_attributes: []
2026-07-01 10:36:35,269: target_variables: ['QObs(mm/d)']
2026-07-01 10:36:35,269: clip_targets_to_zero: ['QObs(mm/d)']
2026-07-01 10:36:35,269: seed: 1001
2026-07-01 10:36:35,269: number_of_basins: 1
2026-07-01 10:36:35,269: run_dir: C:\GitHub\climate-change\NeuralHydrology\rq3_finetune\runs\rq3_scratch_basin_01057000_0107_103635
2026-07-01 10:36:35,269: train_dir: C:\GitHub\climate-change\NeuralHydrology\rq3_finetune\runs\rq3_scratch_basin_01057000_0107_103635\train_data
2026-07-01 10:36:35,269: img_log_dir: C:\GitHub\climate-change\NeuralHydrology\rq3_finetune\runs\rq3_scratch_basin_01057000_0107_103635\img_log
2026-07-01 10:36:35,271: ### Device cpu will be used for training
2026-07-01 10:36:35,271: Loading basin data into xarray data set.
2026-07-01 10:36:35,425: Calculating target variable stds per basin
2026-07-01 10:36:35,429: Create lookup table and convert to pytorch tensor
2026-07-01 10:36:37,821: Epoch 1 average loss: avg_loss: 0.10717, avg_total_loss: 0.10717
2026-07-01 10:36:37,825: Setting learning rate to 5e-05
2026-07-01 10:36:40,048: Epoch 2 average loss: avg_loss: 0.09768, avg_total_loss: 0.09768
2026-07-01 10:36:42,287: Epoch 3 average loss: avg_loss: 0.09533, avg_total_loss: 0.09533
2026-07-01 10:36:42,822: Stored metrics at C:\GitHub\climate-change\NeuralHydrology\rq3_finetune\runs\rq3_scratch_basin_01057000_0107_103635\validation\model_epoch003\validation_metrics.csv
2026-07-01 10:36:42,823: Stored results at C:\GitHub\climate-change\NeuralHydrology\rq3_finetune\runs\rq3_scratch_basin_01057000_0107_103635\validation\model_epoch003\validation_results.p
2026-07-01 10:36:42,824: Epoch 3 average validation loss: 0.10233 -- Median validation metrics: avg_loss: 0.10233, NSE: 0.10811, KGE: -0.02214
2026-07-01 10:36:45,098: Epoch 4 average loss: avg_loss: 0.09526, avg_total_loss: 0.09526
2026-07-01 10:36:47,370: Epoch 5 average loss: avg_loss: 0.09122, avg_total_loss: 0.09122
2026-07-01 10:36:49,622: Epoch 6 average loss: avg_loss: 0.09164, avg_total_loss: 0.09164
2026-07-01 10:36:50,048: Stored metrics at C:\GitHub\climate-change\NeuralHydrology\rq3_finetune\runs\rq3_scratch_basin_01057000_0107_103635\validation\model_epoch006\validation_metrics.csv
2026-07-01 10:36:50,049: Stored results at C:\GitHub\climate-change\NeuralHydrology\rq3_finetune\runs\rq3_scratch_basin_01057000_0107_103635\validation\model_epoch006\validation_results.p
2026-07-01 10:36:50,050: Epoch 6 average validation loss: 0.10073 -- Median validation metrics: avg_loss: 0.10073, NSE: 0.12093, KGE: 0.00241
2026-07-01 10:36:52,285: Epoch 7 average loss: avg_loss: 0.09060, avg_total_loss: 0.09060
2026-07-01 10:36:54,506: Epoch 8 average loss: avg_loss: 0.09087, avg_total_loss: 0.09087
2026-07-01 10:36:56,743: Epoch 9 average loss: avg_loss: 0.08783, avg_total_loss: 0.08783
2026-07-01 10:36:57,189: Stored metrics at C:\GitHub\climate-change\NeuralHydrology\rq3_finetune\runs\rq3_scratch_basin_01057000_0107_103635\validation\model_epoch009\validation_metrics.csv
2026-07-01 10:36:57,190: Stored results at C:\GitHub\climate-change\NeuralHydrology\rq3_finetune\runs\rq3_scratch_basin_01057000_0107_103635\validation\model_epoch009\validation_results.p
2026-07-01 10:36:57,191: Epoch 9 average validation loss: 0.09957 -- Median validation metrics: avg_loss: 0.09957, NSE: 0.13033, KGE: 0.02447
2026-07-01 10:36:59,636: Epoch 10 average loss: avg_loss: 0.08805, avg_total_loss: 0.08805
2026-07-01 10:36:59,674: Logging to C:\GitHub\climate-change\NeuralHydrology\rq3_finetune\runs\rq3_finetuned_basin_01057000_0107_103659\output.log initialized.
2026-07-01 10:36:59,675: ### Folder structure created at C:\GitHub\climate-change\NeuralHydrology\rq3_finetune\runs\rq3_finetuned_basin_01057000_0107_103659
2026-07-01 10:36:59,675: ### Start finetuning with pretrained model stored in C:\GitHub\climate-change\runs\rq3_base_global_3006_154109
2026-07-01 10:36:59,675: ### Run configurations for rq3_finetuned_basin_01057000
2026-07-01 10:36:59,675: batch_size: 256
2026-07-01 10:36:59,675: clip_gradient_norm: 1
2026-07-01 10:36:59,676: clip_targets_to_zero: ['QObs(mm/d)']
2026-07-01 10:36:59,676: commit_hash: None
2026-07-01 10:36:59,676: data_dir: C:\GitHub\climate-change\NeuralHydrology\data\CAMELS_US
2026-07-01 10:36:59,676: dataset: camels_us
2026-07-01 10:36:59,676: device: cpu
2026-07-01 10:36:59,676: dynamic_inputs: ['prcp(mm/day)', 'srad(W/m2)', 'tmax(C)', 'tmin(C)', 'vp(Pa)']
2026-07-01 10:36:59,676: epochs: 10
2026-07-01 10:36:59,676: experiment_name: rq3_finetuned_basin_01057000
2026-07-01 10:36:59,676: forcings: ['daymet']
2026-07-01 10:36:59,677: head: regression
2026-07-01 10:36:59,677: hidden_size: 64
2026-07-01 10:36:59,677: img_log_dir: C:\GitHub\climate-change\NeuralHydrology\rq3_finetune\runs\rq3_finetuned_basin_01057000_0107_103659\img_log
2026-07-01 10:36:59,677: initial_forget_bias: 3
2026-07-01 10:36:59,677: learning_rate: {0: 0.0005, 2: 5e-05}
2026-07-01 10:36:59,677: log_interval: 5
2026-07-01 10:36:59,677: log_tensorboard: False
2026-07-01 10:36:59,677: loss: NSE
2026-07-01 10:36:59,677: metrics: ['NSE', 'KGE']
2026-07-01 10:36:59,678: model: cudalstm
2026-07-01 10:36:59,678: num_workers: 0
2026-07-01 10:36:59,678: number_of_basins: 1
2026-07-01 10:36:59,678: optimizer: Adam
2026-07-01 10:36:59,678: output_activation: linear
2026-07-01 10:36:59,678: output_dropout: 0.4
2026-07-01 10:36:59,678: package_version: 1.13.0
2026-07-01 10:36:59,678: predict_last_n: 1
2026-07-01 10:36:59,678: run_dir: C:\GitHub\climate-change\NeuralHydrology\rq3_finetune\runs\rq3_finetuned_basin_01057000_0107_103659
2026-07-01 10:36:59,678: save_validation_results: True
2026-07-01 10:36:59,679: save_weights_every: 1
2026-07-01 10:36:59,679: seed: 1001
2026-07-01 10:36:59,679: seq_length: 365
2026-07-01 10:36:59,679: static_attributes: ['elev_mean', 'slope_mean', 'area_gages2', 'frac_forest', 'lai_max', 'lai_diff', 'gvf_max', 'gvf_diff', 'soil_depth_pelletier', 'soil_depth_statsgo', 'soil_porosity', 'soil_conductivity', 'max_water_content', 'sand_frac', 'silt_frac', 'clay_frac', 'carbonate_rocks_frac', 'geol_permeability', 'p_mean', 'pet_mean', 'aridity', 'frac_snow', 'high_prec_freq', 'high_prec_dur', 'low_prec_freq', 'low_prec_dur']
2026-07-01 10:36:59,679: target_variables: ['QObs(mm/d)']
2026-07-01 10:36:59,679: test_basin_file: C:\GitHub\climate-change\NeuralHydrology\rq3_finetune\basin_lists_multibasin\basin_01057000.txt
2026-07-01 10:36:59,679: test_end_date: 1999-09-30 00:00:00
2026-07-01 10:36:59,679: test_start_date: 1989-10-01 00:00:00
2026-07-01 10:36:59,679: train_basin_file: C:\GitHub\climate-change\NeuralHydrology\rq3_finetune\basin_lists_multibasin\basin_01057000.txt
2026-07-01 10:36:59,679: train_dir: C:\GitHub\climate-change\NeuralHydrology\rq3_finetune\runs\rq3_finetuned_basin_01057000_0107_103659\train_data
2026-07-01 10:36:59,679: train_end_date: 2008-09-30 00:00:00
2026-07-01 10:36:59,679: train_start_date: 1999-10-01 00:00:00
2026-07-01 10:36:59,679: validate_every: 3
2026-07-01 10:36:59,679: validate_n_random_basins: 10
2026-07-01 10:36:59,680: validation_basin_file: C:\GitHub\climate-change\NeuralHydrology\rq3_finetune\basin_lists_multibasin\basin_01057000.txt
2026-07-01 10:36:59,680: validation_end_date: 1989-09-30 00:00:00
2026-07-01 10:36:59,680: validation_start_date: 1980-10-01 00:00:00
2026-07-01 10:36:59,680: finetune_modules: ['head', 'lstm']
2026-07-01 10:36:59,680: base_run_dir: C:\GitHub\climate-change\runs\rq3_base_global_3006_154109
2026-07-01 10:36:59,680: is_finetuning: True
2026-07-01 10:36:59,680: is_continue_training: False
2026-07-01 10:36:59,682: ### Device cpu will be used for training
2026-07-01 10:36:59,725: Loading basin data into xarray data set.
2026-07-01 10:36:59,843: Calculating target variable stds per basin
2026-07-01 10:36:59,845: Create lookup table and convert to pytorch tensor
2026-07-01 10:36:59,874: Starting training from checkpoint C:\GitHub\climate-change\runs\rq3_base_global_3006_154109\model_epoch003.pt
2026-07-01 10:37:02,352: Epoch 1 average loss: avg_loss: 0.01491, avg_total_loss: 0.01491
2026-07-01 10:37:02,356: Setting learning rate to 5e-05
2026-07-01 10:37:04,747: Epoch 2 average loss: avg_loss: 0.01087, avg_total_loss: 0.01087
2026-07-01 10:37:07,105: Epoch 3 average loss: avg_loss: 0.01145, avg_total_loss: 0.01145
2026-07-01 10:37:07,717: Stored metrics at C:\GitHub\climate-change\NeuralHydrology\rq3_finetune\runs\rq3_finetuned_basin_01057000_0107_103659\validation\model_epoch003\validation_metrics.csv
2026-07-01 10:37:07,718: Stored results at C:\GitHub\climate-change\NeuralHydrology\rq3_finetune\runs\rq3_finetuned_basin_01057000_0107_103659\validation\model_epoch003\validation_results.p
2026-07-01 10:37:07,718: Epoch 3 average validation loss: 0.01313 -- Median validation metrics: avg_loss: 0.01313, NSE: 0.82528, KGE: 0.69954
2026-07-01 10:37:10,304: Epoch 4 average loss: avg_loss: 0.01243, avg_total_loss: 0.01243
2026-07-01 10:37:12,782: Epoch 5 average loss: avg_loss: 0.01227, avg_total_loss: 0.01227
2026-07-01 10:37:15,166: Epoch 6 average loss: avg_loss: 0.01251, avg_total_loss: 0.01251
2026-07-01 10:37:15,629: Stored metrics at C:\GitHub\climate-change\NeuralHydrology\rq3_finetune\runs\rq3_finetuned_basin_01057000_0107_103659\validation\model_epoch006\validation_metrics.csv
2026-07-01 10:37:15,630: Stored results at C:\GitHub\climate-change\NeuralHydrology\rq3_finetune\runs\rq3_finetuned_basin_01057000_0107_103659\validation\model_epoch006\validation_results.p
2026-07-01 10:37:15,631: Epoch 6 average validation loss: 0.01339 -- Median validation metrics: avg_loss: 0.01339, NSE: 0.82187, KGE: 0.68657
2026-07-01 10:37:18,040: Epoch 7 average loss: avg_loss: 0.01043, avg_total_loss: 0.01043
2026-07-01 10:37:20,357: Epoch 8 average loss: avg_loss: 0.00982, avg_total_loss: 0.00982
2026-07-01 10:37:22,678: Epoch 9 average loss: avg_loss: 0.01052, avg_total_loss: 0.01052
2026-07-01 10:37:23,115: Stored metrics at C:\GitHub\climate-change\NeuralHydrology\rq3_finetune\runs\rq3_finetuned_basin_01057000_0107_103659\validation\model_epoch009\validation_metrics.csv
2026-07-01 10:37:23,116: Stored results at C:\GitHub\climate-change\NeuralHydrology\rq3_finetune\runs\rq3_finetuned_basin_01057000_0107_103659\validation\model_epoch009\validation_results.p
2026-07-01 10:37:23,117: Epoch 9 average validation loss: 0.01342 -- Median validation metrics: avg_loss: 0.01342, NSE: 0.82126, KGE: 0.70418
2026-07-01 10:37:25,405: Epoch 10 average loss: avg_loss: 0.01042, avg_total_loss: 0.01042
2026-07-01 10:37:25,437: Using the model weights from C:\GitHub\climate-change\NeuralHydrology\rq3_finetune\runs\rq3_scratch_basin_01057000_0107_103635\model_epoch010.pt
2026-07-01 10:37:25,971: Stored metrics at C:\GitHub\climate-change\NeuralHydrology\rq3_finetune\runs\rq3_scratch_basin_01057000_0107_103635\test\model_epoch010\test_metrics.csv
2026-07-01 10:37:25,972: Stored results at C:\GitHub\climate-change\NeuralHydrology\rq3_finetune\runs\rq3_scratch_basin_01057000_0107_103635\test\model_epoch010\test_results.p
2026-07-01 10:37:26,006: Using the model weights from C:\GitHub\climate-change\NeuralHydrology\rq3_finetune\runs\rq3_finetuned_basin_01057000_0107_103659\model_epoch010.pt
2026-07-01 10:37:26,625: Stored metrics at C:\GitHub\climate-change\NeuralHydrology\rq3_finetune\runs\rq3_finetuned_basin_01057000_0107_103659\test\model_epoch010\test_metrics.csv
2026-07-01 10:37:26,626: Stored results at C:\GitHub\climate-change\NeuralHydrology\rq3_finetune\runs\rq3_finetuned_basin_01057000_0107_103659\test\model_epoch010\test_results.p
2026-07-01 10:37:26,675: Logging to C:\GitHub\climate-change\NeuralHydrology\rq3_finetune\runs\rq3_scratch_basin_01073000_0107_103726\output.log initialized.
2026-07-01 10:37:26,675: ### Folder structure created at C:\GitHub\climate-change\NeuralHydrology\rq3_finetune\runs\rq3_scratch_basin_01073000_0107_103726
2026-07-01 10:37:26,675: ### Run configurations for rq3_scratch_basin_01073000
2026-07-01 10:37:26,675: experiment_name: rq3_scratch_basin_01073000
2026-07-01 10:37:26,675: train_basin_file: C:\GitHub\climate-change\NeuralHydrology\rq3_finetune\basin_lists_multibasin\basin_01073000.txt
2026-07-01 10:37:26,675: validation_basin_file: C:\GitHub\climate-change\NeuralHydrology\rq3_finetune\basin_lists_multibasin\basin_01073000.txt
2026-07-01 10:37:26,676: test_basin_file: C:\GitHub\climate-change\NeuralHydrology\rq3_finetune\basin_lists_multibasin\basin_01073000.txt
2026-07-01 10:37:26,676: train_start_date: 1999-10-01 00:00:00
2026-07-01 10:37:26,676: train_end_date: 2008-09-30 00:00:00
2026-07-01 10:37:26,676: validation_start_date: 1980-10-01 00:00:00
2026-07-01 10:37:26,676: validation_end_date: 1989-09-30 00:00:00
2026-07-01 10:37:26,676: test_start_date: 1989-10-01 00:00:00
2026-07-01 10:37:26,676: test_end_date: 1999-09-30 00:00:00
2026-07-01 10:37:26,676: device: cpu
2026-07-01 10:37:26,676: validate_every: 3
2026-07-01 10:37:26,677: validate_n_random_basins: 1
2026-07-01 10:37:26,677: metrics: ['NSE', 'KGE']
2026-07-01 10:37:26,677: model: cudalstm
2026-07-01 10:37:26,677: head: regression
2026-07-01 10:37:26,677: output_activation: linear
2026-07-01 10:37:26,677: hidden_size: 64
2026-07-01 10:37:26,677: initial_forget_bias: 3
2026-07-01 10:37:26,677: output_dropout: 0.4
2026-07-01 10:37:26,677: optimizer: Adam
2026-07-01 10:37:26,677: loss: NSE
2026-07-01 10:37:26,677: learning_rate: {0: 0.0005, 2: 5e-05}
2026-07-01 10:37:26,678: epochs: 10
2026-07-01 10:37:26,678: batch_size: 256
2026-07-01 10:37:26,678: clip_gradient_norm: 1
2026-07-01 10:37:26,678: predict_last_n: 1
2026-07-01 10:37:26,678: seq_length: 365
2026-07-01 10:37:26,678: num_workers: 0
2026-07-01 10:37:26,678: log_interval: 5
2026-07-01 10:37:26,678: log_tensorboard: False
2026-07-01 10:37:26,678: save_weights_every: 1
2026-07-01 10:37:26,678: save_validation_results: True
2026-07-01 10:37:26,679: dataset: camels_us
2026-07-01 10:37:26,679: data_dir: C:\GitHub\climate-change\NeuralHydrology\data\CAMELS_US
2026-07-01 10:37:26,679: forcings: ['daymet']
2026-07-01 10:37:26,679: dynamic_inputs: ['prcp(mm/day)', 'srad(W/m2)', 'tmax(C)', 'tmin(C)', 'vp(Pa)']
2026-07-01 10:37:26,679: static_attributes: []
2026-07-01 10:37:26,679: target_variables: ['QObs(mm/d)']
2026-07-01 10:37:26,679: clip_targets_to_zero: ['QObs(mm/d)']
2026-07-01 10:37:26,679: seed: 1001
2026-07-01 10:37:26,679: number_of_basins: 1
2026-07-01 10:37:26,679: run_dir: C:\GitHub\climate-change\NeuralHydrology\rq3_finetune\runs\rq3_scratch_basin_01073000_0107_103726
2026-07-01 10:37:26,679: train_dir: C:\GitHub\climate-change\NeuralHydrology\rq3_finetune\runs\rq3_scratch_basin_01073000_0107_103726\train_data
2026-07-01 10:37:26,679: img_log_dir: C:\GitHub\climate-change\NeuralHydrology\rq3_finetune\runs\rq3_scratch_basin_01073000_0107_103726\img_log
2026-07-01 10:37:26,681: ### Device cpu will be used for training
2026-07-01 10:37:26,682: Loading basin data into xarray data set.
2026-07-01 10:37:26,817: Calculating target variable stds per basin
2026-07-01 10:37:26,821: Create lookup table and convert to pytorch tensor
2026-07-01 10:37:29,121: Epoch 1 average loss: avg_loss: 0.09205, avg_total_loss: 0.09205
2026-07-01 10:37:29,124: Setting learning rate to 5e-05
2026-07-01 10:37:31,273: Epoch 2 average loss: avg_loss: 0.08361, avg_total_loss: 0.08361
2026-07-01 10:37:33,531: Epoch 3 average loss: avg_loss: 0.08250, avg_total_loss: 0.08250
2026-07-01 10:37:34,072: Stored metrics at C:\GitHub\climate-change\NeuralHydrology\rq3_finetune\runs\rq3_scratch_basin_01073000_0107_103726\validation\model_epoch003\validation_metrics.csv
2026-07-01 10:37:34,073: Stored results at C:\GitHub\climate-change\NeuralHydrology\rq3_finetune\runs\rq3_scratch_basin_01073000_0107_103726\validation\model_epoch003\validation_results.p
2026-07-01 10:37:34,075: Epoch 3 average validation loss: 0.06399 -- Median validation metrics: avg_loss: 0.06399, NSE: 0.15465, KGE: 0.08536
2026-07-01 10:37:36,341: Epoch 4 average loss: avg_loss: 0.08161, avg_total_loss: 0.08161
2026-07-01 10:37:38,545: Epoch 5 average loss: avg_loss: 0.08038, avg_total_loss: 0.08038
2026-07-01 10:37:40,789: Epoch 6 average loss: avg_loss: 0.08042, avg_total_loss: 0.08042
2026-07-01 10:37:41,180: Stored metrics at C:\GitHub\climate-change\NeuralHydrology\rq3_finetune\runs\rq3_scratch_basin_01073000_0107_103726\validation\model_epoch006\validation_metrics.csv
2026-07-01 10:37:41,181: Stored results at C:\GitHub\climate-change\NeuralHydrology\rq3_finetune\runs\rq3_scratch_basin_01073000_0107_103726\validation\model_epoch006\validation_results.p
2026-07-01 10:37:41,181: Epoch 6 average validation loss: 0.06275 -- Median validation metrics: avg_loss: 0.06275, NSE: 0.17078, KGE: 0.11631
2026-07-01 10:37:43,387: Epoch 7 average loss: avg_loss: 0.08075, avg_total_loss: 0.08075
2026-07-01 10:37:45,632: Epoch 8 average loss: avg_loss: 0.07991, avg_total_loss: 0.07991
2026-07-01 10:37:47,766: Epoch 9 average loss: avg_loss: 0.07814, avg_total_loss: 0.07814
2026-07-01 10:37:48,148: Stored metrics at C:\GitHub\climate-change\NeuralHydrology\rq3_finetune\runs\rq3_scratch_basin_01073000_0107_103726\validation\model_epoch009\validation_metrics.csv
2026-07-01 10:37:48,149: Stored results at C:\GitHub\climate-change\NeuralHydrology\rq3_finetune\runs\rq3_scratch_basin_01073000_0107_103726\validation\model_epoch009\validation_results.p
2026-07-01 10:37:48,149: Epoch 9 average validation loss: 0.06175 -- Median validation metrics: avg_loss: 0.06175, NSE: 0.18210, KGE: 0.14356
2026-07-01 10:37:50,336: Epoch 10 average loss: avg_loss: 0.07955, avg_total_loss: 0.07955
2026-07-01 10:37:50,368: Logging to C:\GitHub\climate-change\NeuralHydrology\rq3_finetune\runs\rq3_finetuned_basin_01073000_0107_103750\output.log initialized.
2026-07-01 10:37:50,368: ### Folder structure created at C:\GitHub\climate-change\NeuralHydrology\rq3_finetune\runs\rq3_finetuned_basin_01073000_0107_103750
2026-07-01 10:37:50,368: ### Start finetuning with pretrained model stored in C:\GitHub\climate-change\runs\rq3_base_global_3006_154109
2026-07-01 10:37:50,368: ### Run configurations for rq3_finetuned_basin_01073000
2026-07-01 10:37:50,368: batch_size: 256
2026-07-01 10:37:50,369: clip_gradient_norm: 1
2026-07-01 10:37:50,369: clip_targets_to_zero: ['QObs(mm/d)']
2026-07-01 10:37:50,369: commit_hash: None
2026-07-01 10:37:50,369: data_dir: C:\GitHub\climate-change\NeuralHydrology\data\CAMELS_US
2026-07-01 10:37:50,369: dataset: camels_us
2026-07-01 10:37:50,369: device: cpu
2026-07-01 10:37:50,370: dynamic_inputs: ['prcp(mm/day)', 'srad(W/m2)', 'tmax(C)', 'tmin(C)', 'vp(Pa)']
2026-07-01 10:37:50,370: epochs: 10
2026-07-01 10:37:50,370: experiment_name: rq3_finetuned_basin_01073000
2026-07-01 10:37:50,370: forcings: ['daymet']
2026-07-01 10:37:50,370: head: regression
2026-07-01 10:37:50,370: hidden_size: 64
2026-07-01 10:37:50,370: img_log_dir: C:\GitHub\climate-change\NeuralHydrology\rq3_finetune\runs\rq3_finetuned_basin_01073000_0107_103750\img_log
2026-07-01 10:37:50,370: initial_forget_bias: 3
2026-07-01 10:37:50,370: learning_rate: {0: 0.0005, 2: 5e-05}
2026-07-01 10:37:50,370: log_interval: 5
2026-07-01 10:37:50,370: log_tensorboard: False
2026-07-01 10:37:50,370: loss: NSE
2026-07-01 10:37:50,371: metrics: ['NSE', 'KGE']
2026-07-01 10:37:50,371: model: cudalstm
2026-07-01 10:37:50,371: num_workers: 0
2026-07-01 10:37:50,371: number_of_basins: 1
2026-07-01 10:37:50,371: optimizer: Adam
2026-07-01 10:37:50,371: output_activation: linear
2026-07-01 10:37:50,371: output_dropout: 0.4
2026-07-01 10:37:50,371: package_version: 1.13.0
2026-07-01 10:37:50,371: predict_last_n: 1
2026-07-01 10:37:50,371: run_dir: C:\GitHub\climate-change\NeuralHydrology\rq3_finetune\runs\rq3_finetuned_basin_01073000_0107_103750
2026-07-01 10:37:50,371: save_validation_results: True
2026-07-01 10:37:50,372: save_weights_every: 1
2026-07-01 10:37:50,372: seed: 1001
2026-07-01 10:37:50,372: seq_length: 365
2026-07-01 10:37:50,372: static_attributes: ['elev_mean', 'slope_mean', 'area_gages2', 'frac_forest', 'lai_max', 'lai_diff', 'gvf_max', 'gvf_diff', 'soil_depth_pelletier', 'soil_depth_statsgo', 'soil_porosity', 'soil_conductivity', 'max_water_content', 'sand_frac', 'silt_frac', 'clay_frac', 'carbonate_rocks_frac', 'geol_permeability', 'p_mean', 'pet_mean', 'aridity', 'frac_snow', 'high_prec_freq', 'high_prec_dur', 'low_prec_freq', 'low_prec_dur']
2026-07-01 10:37:50,372: target_variables: ['QObs(mm/d)']
2026-07-01 10:37:50,372: test_basin_file: C:\GitHub\climate-change\NeuralHydrology\rq3_finetune\basin_lists_multibasin\basin_01073000.txt
2026-07-01 10:37:50,372: test_end_date: 1999-09-30 00:00:00
2026-07-01 10:37:50,372: test_start_date: 1989-10-01 00:00:00
2026-07-01 10:37:50,373: train_basin_file: C:\GitHub\climate-change\NeuralHydrology\rq3_finetune\basin_lists_multibasin\basin_01073000.txt
2026-07-01 10:37:50,373: train_dir: C:\GitHub\climate-change\NeuralHydrology\rq3_finetune\runs\rq3_finetuned_basin_01073000_0107_103750\train_data
2026-07-01 10:37:50,373: train_end_date: 2008-09-30 00:00:00
2026-07-01 10:37:50,373: train_start_date: 1999-10-01 00:00:00
2026-07-01 10:37:50,373: validate_every: 3
2026-07-01 10:37:50,373: validate_n_random_basins: 10
2026-07-01 10:37:50,373: validation_basin_file: C:\GitHub\climate-change\NeuralHydrology\rq3_finetune\basin_lists_multibasin\basin_01073000.txt
2026-07-01 10:37:50,374: validation_end_date: 1989-09-30 00:00:00
2026-07-01 10:37:50,374: validation_start_date: 1980-10-01 00:00:00
2026-07-01 10:37:50,374: finetune_modules: ['head', 'lstm']
2026-07-01 10:37:50,374: base_run_dir: C:\GitHub\climate-change\runs\rq3_base_global_3006_154109
2026-07-01 10:37:50,374: is_finetuning: True
2026-07-01 10:37:50,374: is_continue_training: False
2026-07-01 10:37:50,376: ### Device cpu will be used for training
2026-07-01 10:37:50,425: Loading basin data into xarray data set.
2026-07-01 10:37:50,543: Calculating target variable stds per basin
2026-07-01 10:37:50,545: Create lookup table and convert to pytorch tensor
2026-07-01 10:37:50,573: Starting training from checkpoint C:\GitHub\climate-change\runs\rq3_base_global_3006_154109\model_epoch003.pt
2026-07-01 10:37:53,022: Epoch 1 average loss: avg_loss: 0.00918, avg_total_loss: 0.00918
2026-07-01 10:37:53,026: Setting learning rate to 5e-05
2026-07-01 10:37:55,341: Epoch 2 average loss: avg_loss: 0.00996, avg_total_loss: 0.00996
2026-07-01 10:37:57,751: Epoch 3 average loss: avg_loss: 0.01204, avg_total_loss: 0.01204
2026-07-01 10:37:58,383: Stored metrics at C:\GitHub\climate-change\NeuralHydrology\rq3_finetune\runs\rq3_finetuned_basin_01073000_0107_103750\validation\model_epoch003\validation_metrics.csv
2026-07-01 10:37:58,384: Stored results at C:\GitHub\climate-change\NeuralHydrology\rq3_finetune\runs\rq3_finetuned_basin_01073000_0107_103750\validation\model_epoch003\validation_results.p
2026-07-01 10:37:58,385: Epoch 3 average validation loss: 0.00720 -- Median validation metrics: avg_loss: 0.00720, NSE: 0.85681, KGE: 0.77825
2026-07-01 10:38:00,690: Epoch 4 average loss: avg_loss: 0.00969, avg_total_loss: 0.00969
2026-07-01 10:38:02,945: Epoch 5 average loss: avg_loss: 0.01042, avg_total_loss: 0.01042
2026-07-01 10:38:05,143: Epoch 6 average loss: avg_loss: 0.00997, avg_total_loss: 0.00997
2026-07-01 10:38:05,596: Stored metrics at C:\GitHub\climate-change\NeuralHydrology\rq3_finetune\runs\rq3_finetuned_basin_01073000_0107_103750\validation\model_epoch006\validation_metrics.csv
2026-07-01 10:38:05,597: Stored results at C:\GitHub\climate-change\NeuralHydrology\rq3_finetune\runs\rq3_finetuned_basin_01073000_0107_103750\validation\model_epoch006\validation_results.p
2026-07-01 10:38:05,598: Epoch 6 average validation loss: 0.00709 -- Median validation metrics: avg_loss: 0.00709, NSE: 0.85907, KGE: 0.78656
2026-07-01 10:38:07,933: Epoch 7 average loss: avg_loss: 0.00931, avg_total_loss: 0.00931
2026-07-01 10:38:10,172: Epoch 8 average loss: avg_loss: 0.01065, avg_total_loss: 0.01065
2026-07-01 10:38:12,461: Epoch 9 average loss: avg_loss: 0.00867, avg_total_loss: 0.00867
2026-07-01 10:38:12,890: Stored metrics at C:\GitHub\climate-change\NeuralHydrology\rq3_finetune\runs\rq3_finetuned_basin_01073000_0107_103750\validation\model_epoch009\validation_metrics.csv
2026-07-01 10:38:12,891: Stored results at C:\GitHub\climate-change\NeuralHydrology\rq3_finetune\runs\rq3_finetuned_basin_01073000_0107_103750\validation\model_epoch009\validation_results.p
2026-07-01 10:38:12,892: Epoch 9 average validation loss: 0.00706 -- Median validation metrics: avg_loss: 0.00706, NSE: 0.86020, KGE: 0.78448
2026-07-01 10:38:15,111: Epoch 10 average loss: avg_loss: 0.01169, avg_total_loss: 0.01169
2026-07-01 10:38:15,144: Using the model weights from C:\GitHub\climate-change\NeuralHydrology\rq3_finetune\runs\rq3_scratch_basin_01073000_0107_103726\model_epoch010.pt
2026-07-01 10:38:15,674: Stored metrics at C:\GitHub\climate-change\NeuralHydrology\rq3_finetune\runs\rq3_scratch_basin_01073000_0107_103726\test\model_epoch010\test_metrics.csv
2026-07-01 10:38:15,675: Stored results at C:\GitHub\climate-change\NeuralHydrology\rq3_finetune\runs\rq3_scratch_basin_01073000_0107_103726\test\model_epoch010\test_results.p
2026-07-01 10:38:15,704: Using the model weights from C:\GitHub\climate-change\NeuralHydrology\rq3_finetune\runs\rq3_finetuned_basin_01073000_0107_103750\model_epoch010.pt
2026-07-01 10:38:16,325: Stored metrics at C:\GitHub\climate-change\NeuralHydrology\rq3_finetune\runs\rq3_finetuned_basin_01073000_0107_103750\test\model_epoch010\test_metrics.csv
2026-07-01 10:38:16,326: Stored results at C:\GitHub\climate-change\NeuralHydrology\rq3_finetune\runs\rq3_finetuned_basin_01073000_0107_103750\test\model_epoch010\test_results.p
2026-07-01 10:38:16,373: Logging to C:\GitHub\climate-change\NeuralHydrology\rq3_finetune\runs\rq3_scratch_basin_01078000_0107_103816\output.log initialized.
2026-07-01 10:38:16,373: ### Folder structure created at C:\GitHub\climate-change\NeuralHydrology\rq3_finetune\runs\rq3_scratch_basin_01078000_0107_103816
2026-07-01 10:38:16,373: ### Run configurations for rq3_scratch_basin_01078000
2026-07-01 10:38:16,374: experiment_name: rq3_scratch_basin_01078000
2026-07-01 10:38:16,374: train_basin_file: C:\GitHub\climate-change\NeuralHydrology\rq3_finetune\basin_lists_multibasin\basin_01078000.txt
2026-07-01 10:38:16,374: validation_basin_file: C:\GitHub\climate-change\NeuralHydrology\rq3_finetune\basin_lists_multibasin\basin_01078000.txt
2026-07-01 10:38:16,374: test_basin_file: C:\GitHub\climate-change\NeuralHydrology\rq3_finetune\basin_lists_multibasin\basin_01078000.txt
2026-07-01 10:38:16,374: train_start_date: 1999-10-01 00:00:00
2026-07-01 10:38:16,374: train_end_date: 2008-09-30 00:00:00
2026-07-01 10:38:16,374: validation_start_date: 1980-10-01 00:00:00
2026-07-01 10:38:16,374: validation_end_date: 1989-09-30 00:00:00
2026-07-01 10:38:16,375: test_start_date: 1989-10-01 00:00:00
2026-07-01 10:38:16,375: test_end_date: 1999-09-30 00:00:00
2026-07-01 10:38:16,375: device: cpu
2026-07-01 10:38:16,375: validate_every: 3
2026-07-01 10:38:16,375: validate_n_random_basins: 1
2026-07-01 10:38:16,375: metrics: ['NSE', 'KGE']
2026-07-01 10:38:16,375: model: cudalstm
2026-07-01 10:38:16,375: head: regression
2026-07-01 10:38:16,375: output_activation: linear
2026-07-01 10:38:16,375: hidden_size: 64
2026-07-01 10:38:16,375: initial_forget_bias: 3
2026-07-01 10:38:16,376: output_dropout: 0.4
2026-07-01 10:38:16,376: optimizer: Adam
2026-07-01 10:38:16,376: loss: NSE
2026-07-01 10:38:16,376: learning_rate: {0: 0.0005, 2: 5e-05}
2026-07-01 10:38:16,376: epochs: 10
2026-07-01 10:38:16,376: batch_size: 256
2026-07-01 10:38:16,376: clip_gradient_norm: 1
2026-07-01 10:38:16,376: predict_last_n: 1
2026-07-01 10:38:16,376: seq_length: 365
2026-07-01 10:38:16,376: num_workers: 0
2026-07-01 10:38:16,376: log_interval: 5
2026-07-01 10:38:16,377: log_tensorboard: False
2026-07-01 10:38:16,377: save_weights_every: 1
2026-07-01 10:38:16,377: save_validation_results: True
2026-07-01 10:38:16,377: dataset: camels_us
2026-07-01 10:38:16,377: data_dir: C:\GitHub\climate-change\NeuralHydrology\data\CAMELS_US
2026-07-01 10:38:16,377: forcings: ['daymet']
2026-07-01 10:38:16,377: dynamic_inputs: ['prcp(mm/day)', 'srad(W/m2)', 'tmax(C)', 'tmin(C)', 'vp(Pa)']
2026-07-01 10:38:16,377: static_attributes: []
2026-07-01 10:38:16,377: target_variables: ['QObs(mm/d)']
2026-07-01 10:38:16,377: clip_targets_to_zero: ['QObs(mm/d)']
2026-07-01 10:38:16,377: seed: 1001
2026-07-01 10:38:16,377: number_of_basins: 1
2026-07-01 10:38:16,378: run_dir: C:\GitHub\climate-change\NeuralHydrology\rq3_finetune\runs\rq3_scratch_basin_01078000_0107_103816
2026-07-01 10:38:16,378: train_dir: C:\GitHub\climate-change\NeuralHydrology\rq3_finetune\runs\rq3_scratch_basin_01078000_0107_103816\train_data
2026-07-01 10:38:16,378: img_log_dir: C:\GitHub\climate-change\NeuralHydrology\rq3_finetune\runs\rq3_scratch_basin_01078000_0107_103816\img_log
2026-07-01 10:38:16,379: ### Device cpu will be used for training
2026-07-01 10:38:16,379: Loading basin data into xarray data set.
2026-07-01 10:38:16,510: Calculating target variable stds per basin
2026-07-01 10:38:16,513: Create lookup table and convert to pytorch tensor
2026-07-01 10:38:18,755: Epoch 1 average loss: avg_loss: 0.13072, avg_total_loss: 0.13072
2026-07-01 10:38:18,759: Setting learning rate to 5e-05
2026-07-01 10:38:20,893: Epoch 2 average loss: avg_loss: 0.12339, avg_total_loss: 0.12339
2026-07-01 10:38:22,932: Epoch 3 average loss: avg_loss: 0.11943, avg_total_loss: 0.11943
2026-07-01 10:38:23,413: Stored metrics at C:\GitHub\climate-change\NeuralHydrology\rq3_finetune\runs\rq3_scratch_basin_01078000_0107_103816\validation\model_epoch003\validation_metrics.csv
2026-07-01 10:38:23,414: Stored results at C:\GitHub\climate-change\NeuralHydrology\rq3_finetune\runs\rq3_scratch_basin_01078000_0107_103816\validation\model_epoch003\validation_results.p
2026-07-01 10:38:23,414: Epoch 3 average validation loss: 0.10682 -- Median validation metrics: avg_loss: 0.10682, NSE: 0.11720, KGE: -0.00288
2026-07-01 10:38:25,548: Epoch 4 average loss: avg_loss: 0.11865, avg_total_loss: 0.11865
2026-07-01 10:38:27,677: Epoch 5 average loss: avg_loss: 0.11373, avg_total_loss: 0.11373
2026-07-01 10:38:29,783: Epoch 6 average loss: avg_loss: 0.11389, avg_total_loss: 0.11389
2026-07-01 10:38:30,267: Stored metrics at C:\GitHub\climate-change\NeuralHydrology\rq3_finetune\runs\rq3_scratch_basin_01078000_0107_103816\validation\model_epoch006\validation_metrics.csv
2026-07-01 10:38:30,268: Stored results at C:\GitHub\climate-change\NeuralHydrology\rq3_finetune\runs\rq3_scratch_basin_01078000_0107_103816\validation\model_epoch006\validation_results.p
2026-07-01 10:38:30,269: Epoch 6 average validation loss: 0.10406 -- Median validation metrics: avg_loss: 0.10406, NSE: 0.13733, KGE: 0.02777
2026-07-01 10:38:32,360: Epoch 7 average loss: avg_loss: 0.11310, avg_total_loss: 0.11310
2026-07-01 10:38:34,547: Epoch 8 average loss: avg_loss: 0.11321, avg_total_loss: 0.11321
2026-07-01 10:38:36,682: Epoch 9 average loss: avg_loss: 0.10831, avg_total_loss: 0.10831
2026-07-01 10:38:37,056: Stored metrics at C:\GitHub\climate-change\NeuralHydrology\rq3_finetune\runs\rq3_scratch_basin_01078000_0107_103816\validation\model_epoch009\validation_metrics.csv
2026-07-01 10:38:37,057: Stored results at C:\GitHub\climate-change\NeuralHydrology\rq3_finetune\runs\rq3_scratch_basin_01078000_0107_103816\validation\model_epoch009\validation_results.p
2026-07-01 10:38:37,058: Epoch 9 average validation loss: 0.10099 -- Median validation metrics: avg_loss: 0.10099, NSE: 0.16068, KGE: 0.06286
2026-07-01 10:38:39,213: Epoch 10 average loss: avg_loss: 0.10906, avg_total_loss: 0.10906
2026-07-01 10:38:39,245: Logging to C:\GitHub\climate-change\NeuralHydrology\rq3_finetune\runs\rq3_finetuned_basin_01078000_0107_103839\output.log initialized.
2026-07-01 10:38:39,246: ### Folder structure created at C:\GitHub\climate-change\NeuralHydrology\rq3_finetune\runs\rq3_finetuned_basin_01078000_0107_103839
2026-07-01 10:38:39,246: ### Start finetuning with pretrained model stored in C:\GitHub\climate-change\runs\rq3_base_global_3006_154109
2026-07-01 10:38:39,246: ### Run configurations for rq3_finetuned_basin_01078000
2026-07-01 10:38:39,246: batch_size: 256
2026-07-01 10:38:39,246: clip_gradient_norm: 1
2026-07-01 10:38:39,247: clip_targets_to_zero: ['QObs(mm/d)']
2026-07-01 10:38:39,247: commit_hash: None
2026-07-01 10:38:39,247: data_dir: C:\GitHub\climate-change\NeuralHydrology\data\CAMELS_US
2026-07-01 10:38:39,247: dataset: camels_us
2026-07-01 10:38:39,247: device: cpu
2026-07-01 10:38:39,247: dynamic_inputs: ['prcp(mm/day)', 'srad(W/m2)', 'tmax(C)', 'tmin(C)', 'vp(Pa)']
2026-07-01 10:38:39,247: epochs: 10
2026-07-01 10:38:39,247: experiment_name: rq3_finetuned_basin_01078000
2026-07-01 10:38:39,247: forcings: ['daymet']
2026-07-01 10:38:39,247: head: regression
2026-07-01 10:38:39,248: hidden_size: 64
2026-07-01 10:38:39,248: img_log_dir: C:\GitHub\climate-change\NeuralHydrology\rq3_finetune\runs\rq3_finetuned_basin_01078000_0107_103839\img_log
2026-07-01 10:38:39,248: initial_forget_bias: 3
2026-07-01 10:38:39,248: learning_rate: {0: 0.0005, 2: 5e-05}
2026-07-01 10:38:39,248: log_interval: 5
2026-07-01 10:38:39,248: log_tensorboard: False
2026-07-01 10:38:39,248: loss: NSE
2026-07-01 10:38:39,248: metrics: ['NSE', 'KGE']
2026-07-01 10:38:39,248: model: cudalstm
2026-07-01 10:38:39,248: num_workers: 0
2026-07-01 10:38:39,248: number_of_basins: 1
2026-07-01 10:38:39,249: optimizer: Adam
2026-07-01 10:38:39,249: output_activation: linear
2026-07-01 10:38:39,249: output_dropout: 0.4
2026-07-01 10:38:39,251: package_version: 1.13.0
2026-07-01 10:38:39,252: predict_last_n: 1
2026-07-01 10:38:39,252: run_dir: C:\GitHub\climate-change\NeuralHydrology\rq3_finetune\runs\rq3_finetuned_basin_01078000_0107_103839
2026-07-01 10:38:39,253: save_validation_results: True
2026-07-01 10:38:39,253: save_weights_every: 1
2026-07-01 10:38:39,253: seed: 1001
2026-07-01 10:38:39,253: seq_length: 365
2026-07-01 10:38:39,253: static_attributes: ['elev_mean', 'slope_mean', 'area_gages2', 'frac_forest', 'lai_max', 'lai_diff', 'gvf_max', 'gvf_diff', 'soil_depth_pelletier', 'soil_depth_statsgo', 'soil_porosity', 'soil_conductivity', 'max_water_content', 'sand_frac', 'silt_frac', 'clay_frac', 'carbonate_rocks_frac', 'geol_permeability', 'p_mean', 'pet_mean', 'aridity', 'frac_snow', 'high_prec_freq', 'high_prec_dur', 'low_prec_freq', 'low_prec_dur']
2026-07-01 10:38:39,254: target_variables: ['QObs(mm/d)']
2026-07-01 10:38:39,254: test_basin_file: C:\GitHub\climate-change\NeuralHydrology\rq3_finetune\basin_lists_multibasin\basin_01078000.txt
2026-07-01 10:38:39,254: test_end_date: 1999-09-30 00:00:00
2026-07-01 10:38:39,254: test_start_date: 1989-10-01 00:00:00
2026-07-01 10:38:39,254: train_basin_file: C:\GitHub\climate-change\NeuralHydrology\rq3_finetune\basin_lists_multibasin\basin_01078000.txt
2026-07-01 10:38:39,255: train_dir: C:\GitHub\climate-change\NeuralHydrology\rq3_finetune\runs\rq3_finetuned_basin_01078000_0107_103839\train_data
2026-07-01 10:38:39,255: train_end_date: 2008-09-30 00:00:00
2026-07-01 10:38:39,255: train_start_date: 1999-10-01 00:00:00
2026-07-01 10:38:39,255: validate_every: 3
2026-07-01 10:38:39,255: validate_n_random_basins: 10
2026-07-01 10:38:39,255: validation_basin_file: C:\GitHub\climate-change\NeuralHydrology\rq3_finetune\basin_lists_multibasin\basin_01078000.txt
2026-07-01 10:38:39,255: validation_end_date: 1989-09-30 00:00:00
2026-07-01 10:38:39,255: validation_start_date: 1980-10-01 00:00:00
2026-07-01 10:38:39,255: finetune_modules: ['head', 'lstm']
2026-07-01 10:38:39,255: base_run_dir: C:\GitHub\climate-change\runs\rq3_base_global_3006_154109
2026-07-01 10:38:39,255: is_finetuning: True
2026-07-01 10:38:39,255: is_continue_training: False
2026-07-01 10:38:39,259: ### Device cpu will be used for training
2026-07-01 10:38:39,317: Loading basin data into xarray data set.
2026-07-01 10:38:39,443: Calculating target variable stds per basin
2026-07-01 10:38:39,446: Create lookup table and convert to pytorch tensor
2026-07-01 10:38:39,473: Starting training from checkpoint C:\GitHub\climate-change\runs\rq3_base_global_3006_154109\model_epoch003.pt
2026-07-01 10:38:41,953: Epoch 1 average loss: avg_loss: 0.01075, avg_total_loss: 0.01075
2026-07-01 10:38:41,956: Setting learning rate to 5e-05
2026-07-01 10:38:44,314: Epoch 2 average loss: avg_loss: 0.00905, avg_total_loss: 0.00905
2026-07-01 10:38:46,591: Epoch 3 average loss: avg_loss: 0.00826, avg_total_loss: 0.00826
2026-07-01 10:38:47,158: Stored metrics at C:\GitHub\climate-change\NeuralHydrology\rq3_finetune\runs\rq3_finetuned_basin_01078000_0107_103839\validation\model_epoch003\validation_metrics.csv
2026-07-01 10:38:47,159: Stored results at C:\GitHub\climate-change\NeuralHydrology\rq3_finetune\runs\rq3_finetuned_basin_01078000_0107_103839\validation\model_epoch003\validation_results.p
2026-07-01 10:38:47,160: Epoch 3 average validation loss: 0.01119 -- Median validation metrics: avg_loss: 0.01119, NSE: 0.82273, KGE: 0.76701
2026-07-01 10:38:49,399: Epoch 4 average loss: avg_loss: 0.00858, avg_total_loss: 0.00858
2026-07-01 10:38:51,679: Epoch 5 average loss: avg_loss: 0.00874, avg_total_loss: 0.00874
2026-07-01 10:38:53,946: Epoch 6 average loss: avg_loss: 0.00911, avg_total_loss: 0.00911
2026-07-01 10:38:54,366: Stored metrics at C:\GitHub\climate-change\NeuralHydrology\rq3_finetune\runs\rq3_finetuned_basin_01078000_0107_103839\validation\model_epoch006\validation_metrics.csv
2026-07-01 10:38:54,367: Stored results at C:\GitHub\climate-change\NeuralHydrology\rq3_finetune\runs\rq3_finetuned_basin_01078000_0107_103839\validation\model_epoch006\validation_results.p
2026-07-01 10:38:54,368: Epoch 6 average validation loss: 0.01129 -- Median validation metrics: avg_loss: 0.01129, NSE: 0.82066, KGE: 0.76449
2026-07-01 10:38:56,605: Epoch 7 average loss: avg_loss: 0.00753, avg_total_loss: 0.00753
2026-07-01 10:38:58,901: Epoch 8 average loss: avg_loss: 0.00764, avg_total_loss: 0.00764
2026-07-01 10:39:01,142: Epoch 9 average loss: avg_loss: 0.00852, avg_total_loss: 0.00852
2026-07-01 10:39:01,601: Stored metrics at C:\GitHub\climate-change\NeuralHydrology\rq3_finetune\runs\rq3_finetuned_basin_01078000_0107_103839\validation\model_epoch009\validation_metrics.csv
2026-07-01 10:39:01,601: Stored results at C:\GitHub\climate-change\NeuralHydrology\rq3_finetune\runs\rq3_finetuned_basin_01078000_0107_103839\validation\model_epoch009\validation_results.p
2026-07-01 10:39:01,602: Epoch 9 average validation loss: 0.01115 -- Median validation metrics: avg_loss: 0.01115, NSE: 0.82235, KGE: 0.77583
2026-07-01 10:39:03,778: Epoch 10 average loss: avg_loss: 0.00709, avg_total_loss: 0.00709
2026-07-01 10:39:03,817: Using the model weights from C:\GitHub\climate-change\NeuralHydrology\rq3_finetune\runs\rq3_scratch_basin_01078000_0107_103816\model_epoch010.pt
2026-07-01 10:39:04,347: Stored metrics at C:\GitHub\climate-change\NeuralHydrology\rq3_finetune\runs\rq3_scratch_basin_01078000_0107_103816\test\model_epoch010\test_metrics.csv
2026-07-01 10:39:04,348: Stored results at C:\GitHub\climate-change\NeuralHydrology\rq3_finetune\runs\rq3_scratch_basin_01078000_0107_103816\test\model_epoch010\test_results.p
2026-07-01 10:39:04,383: Using the model weights from C:\GitHub\climate-change\NeuralHydrology\rq3_finetune\runs\rq3_finetuned_basin_01078000_0107_103839\model_epoch010.pt
2026-07-01 10:39:05,031: Stored metrics at C:\GitHub\climate-change\NeuralHydrology\rq3_finetune\runs\rq3_finetuned_basin_01078000_0107_103839\test\model_epoch010\test_metrics.csv
2026-07-01 10:39:05,033: Stored results at C:\GitHub\climate-change\NeuralHydrology\rq3_finetune\runs\rq3_finetuned_basin_01078000_0107_103839\test\model_epoch010\test_results.p
2026-07-01 10:39:05,103: Logging to C:\GitHub\climate-change\NeuralHydrology\rq3_finetune\runs\rq3_scratch_basin_01123000_0107_103905\output.log initialized.
2026-07-01 10:39:05,103: ### Folder structure created at C:\GitHub\climate-change\NeuralHydrology\rq3_finetune\runs\rq3_scratch_basin_01123000_0107_103905
2026-07-01 10:39:05,104: ### Run configurations for rq3_scratch_basin_01123000
2026-07-01 10:39:05,104: experiment_name: rq3_scratch_basin_01123000
2026-07-01 10:39:05,104: train_basin_file: C:\GitHub\climate-change\NeuralHydrology\rq3_finetune\basin_lists_multibasin\basin_01123000.txt
2026-07-01 10:39:05,104: validation_basin_file: C:\GitHub\climate-change\NeuralHydrology\rq3_finetune\basin_lists_multibasin\basin_01123000.txt
2026-07-01 10:39:05,104: test_basin_file: C:\GitHub\climate-change\NeuralHydrology\rq3_finetune\basin_lists_multibasin\basin_01123000.txt
2026-07-01 10:39:05,104: train_start_date: 1999-10-01 00:00:00
2026-07-01 10:39:05,104: train_end_date: 2008-09-30 00:00:00
2026-07-01 10:39:05,104: validation_start_date: 1980-10-01 00:00:00
2026-07-01 10:39:05,105: validation_end_date: 1989-09-30 00:00:00
2026-07-01 10:39:05,105: test_start_date: 1989-10-01 00:00:00
2026-07-01 10:39:05,105: test_end_date: 1999-09-30 00:00:00
2026-07-01 10:39:05,105: device: cpu
2026-07-01 10:39:05,105: validate_every: 3
2026-07-01 10:39:05,105: validate_n_random_basins: 1
2026-07-01 10:39:05,105: metrics: ['NSE', 'KGE']
2026-07-01 10:39:05,105: model: cudalstm
2026-07-01 10:39:05,105: head: regression
2026-07-01 10:39:05,105: output_activation: linear
2026-07-01 10:39:05,105: hidden_size: 64
2026-07-01 10:39:05,106: initial_forget_bias: 3
2026-07-01 10:39:05,106: output_dropout: 0.4
2026-07-01 10:39:05,106: optimizer: Adam
2026-07-01 10:39:05,106: loss: NSE
2026-07-01 10:39:05,106: learning_rate: {0: 0.0005, 2: 5e-05}
2026-07-01 10:39:05,106: epochs: 10
2026-07-01 10:39:05,106: batch_size: 256
2026-07-01 10:39:05,106: clip_gradient_norm: 1
2026-07-01 10:39:05,106: predict_last_n: 1
2026-07-01 10:39:05,106: seq_length: 365
2026-07-01 10:39:05,106: num_workers: 0
2026-07-01 10:39:05,107: log_interval: 5
2026-07-01 10:39:05,107: log_tensorboard: False
2026-07-01 10:39:05,107: save_weights_every: 1
2026-07-01 10:39:05,107: save_validation_results: True
2026-07-01 10:39:05,107: dataset: camels_us
2026-07-01 10:39:05,107: data_dir: C:\GitHub\climate-change\NeuralHydrology\data\CAMELS_US
2026-07-01 10:39:05,107: forcings: ['daymet']
2026-07-01 10:39:05,107: dynamic_inputs: ['prcp(mm/day)', 'srad(W/m2)', 'tmax(C)', 'tmin(C)', 'vp(Pa)']
2026-07-01 10:39:05,107: static_attributes: []
2026-07-01 10:39:05,107: target_variables: ['QObs(mm/d)']
2026-07-01 10:39:05,107: clip_targets_to_zero: ['QObs(mm/d)']
2026-07-01 10:39:05,108: seed: 1001
2026-07-01 10:39:05,108: number_of_basins: 1
2026-07-01 10:39:05,108: run_dir: C:\GitHub\climate-change\NeuralHydrology\rq3_finetune\runs\rq3_scratch_basin_01123000_0107_103905
2026-07-01 10:39:05,108: train_dir: C:\GitHub\climate-change\NeuralHydrology\rq3_finetune\runs\rq3_scratch_basin_01123000_0107_103905\train_data
2026-07-01 10:39:05,108: img_log_dir: C:\GitHub\climate-change\NeuralHydrology\rq3_finetune\runs\rq3_scratch_basin_01123000_0107_103905\img_log
2026-07-01 10:39:05,110: ### Device cpu will be used for training
2026-07-01 10:39:05,110: Loading basin data into xarray data set.
2026-07-01 10:39:05,262: Calculating target variable stds per basin
2026-07-01 10:39:05,267: Create lookup table and convert to pytorch tensor
2026-07-01 10:39:07,655: Epoch 1 average loss: avg_loss: 0.17991, avg_total_loss: 0.17991
2026-07-01 10:39:07,659: Setting learning rate to 5e-05
2026-07-01 10:39:09,800: Epoch 2 average loss: avg_loss: 0.16206, avg_total_loss: 0.16206
2026-07-01 10:39:12,057: Epoch 3 average loss: avg_loss: 0.15990, avg_total_loss: 0.15990
2026-07-01 10:39:12,545: Stored metrics at C:\GitHub\climate-change\NeuralHydrology\rq3_finetune\runs\rq3_scratch_basin_01123000_0107_103905\validation\model_epoch003\validation_metrics.csv
2026-07-01 10:39:12,546: Stored results at C:\GitHub\climate-change\NeuralHydrology\rq3_finetune\runs\rq3_scratch_basin_01123000_0107_103905\validation\model_epoch003\validation_results.p
2026-07-01 10:39:12,546: Epoch 3 average validation loss: 0.16913 -- Median validation metrics: avg_loss: 0.16913, NSE: 0.13313, KGE: 0.05268
2026-07-01 10:39:14,712: Epoch 4 average loss: avg_loss: 0.15859, avg_total_loss: 0.15859
2026-07-01 10:39:16,838: Epoch 5 average loss: avg_loss: 0.15781, avg_total_loss: 0.15781
2026-07-01 10:39:18,986: Epoch 6 average loss: avg_loss: 0.15738, avg_total_loss: 0.15738
2026-07-01 10:39:19,502: Stored metrics at C:\GitHub\climate-change\NeuralHydrology\rq3_finetune\runs\rq3_scratch_basin_01123000_0107_103905\validation\model_epoch006\validation_metrics.csv
2026-07-01 10:39:19,503: Stored results at C:\GitHub\climate-change\NeuralHydrology\rq3_finetune\runs\rq3_scratch_basin_01123000_0107_103905\validation\model_epoch006\validation_results.p
2026-07-01 10:39:19,504: Epoch 6 average validation loss: 0.16823 -- Median validation metrics: avg_loss: 0.16823, NSE: 0.13807, KGE: 0.05718
2026-07-01 10:39:21,619: Epoch 7 average loss: avg_loss: 0.15601, avg_total_loss: 0.15601
2026-07-01 10:39:23,744: Epoch 8 average loss: avg_loss: 0.15585, avg_total_loss: 0.15585
2026-07-01 10:39:25,823: Epoch 9 average loss: avg_loss: 0.15299, avg_total_loss: 0.15299
2026-07-01 10:39:26,202: Stored metrics at C:\GitHub\climate-change\NeuralHydrology\rq3_finetune\runs\rq3_scratch_basin_01123000_0107_103905\validation\model_epoch009\validation_metrics.csv
2026-07-01 10:39:26,202: Stored results at C:\GitHub\climate-change\NeuralHydrology\rq3_finetune\runs\rq3_scratch_basin_01123000_0107_103905\validation\model_epoch009\validation_results.p
2026-07-01 10:39:26,203: Epoch 9 average validation loss: 0.16795 -- Median validation metrics: avg_loss: 0.16795, NSE: 0.13927, KGE: 0.06470
2026-07-01 10:39:28,264: Epoch 10 average loss: avg_loss: 0.15574, avg_total_loss: 0.15574
2026-07-01 10:39:28,311: Logging to C:\GitHub\climate-change\NeuralHydrology\rq3_finetune\runs\rq3_finetuned_basin_01123000_0107_103928\output.log initialized.
2026-07-01 10:39:28,312: ### Folder structure created at C:\GitHub\climate-change\NeuralHydrology\rq3_finetune\runs\rq3_finetuned_basin_01123000_0107_103928
2026-07-01 10:39:28,312: ### Start finetuning with pretrained model stored in C:\GitHub\climate-change\runs\rq3_base_global_3006_154109
2026-07-01 10:39:28,312: ### Run configurations for rq3_finetuned_basin_01123000
2026-07-01 10:39:28,312: batch_size: 256
2026-07-01 10:39:28,312: clip_gradient_norm: 1
2026-07-01 10:39:28,312: clip_targets_to_zero: ['QObs(mm/d)']
2026-07-01 10:39:28,312: commit_hash: None
2026-07-01 10:39:28,313: data_dir: C:\GitHub\climate-change\NeuralHydrology\data\CAMELS_US
2026-07-01 10:39:28,313: dataset: camels_us
2026-07-01 10:39:28,313: device: cpu
2026-07-01 10:39:28,313: dynamic_inputs: ['prcp(mm/day)', 'srad(W/m2)', 'tmax(C)', 'tmin(C)', 'vp(Pa)']
2026-07-01 10:39:28,313: epochs: 10
2026-07-01 10:39:28,313: experiment_name: rq3_finetuned_basin_01123000
2026-07-01 10:39:28,313: forcings: ['daymet']
2026-07-01 10:39:28,313: head: regression
2026-07-01 10:39:28,313: hidden_size: 64
2026-07-01 10:39:28,313: img_log_dir: C:\GitHub\climate-change\NeuralHydrology\rq3_finetune\runs\rq3_finetuned_basin_01123000_0107_103928\img_log
2026-07-01 10:39:28,313: initial_forget_bias: 3
2026-07-01 10:39:28,314: learning_rate: {0: 0.0005, 2: 5e-05}
2026-07-01 10:39:28,314: log_interval: 5
2026-07-01 10:39:28,314: log_tensorboard: False
2026-07-01 10:39:28,314: loss: NSE
2026-07-01 10:39:28,314: metrics: ['NSE', 'KGE']
2026-07-01 10:39:28,314: model: cudalstm
2026-07-01 10:39:28,314: num_workers: 0
2026-07-01 10:39:28,314: number_of_basins: 1
2026-07-01 10:39:28,314: optimizer: Adam
2026-07-01 10:39:28,314: output_activation: linear
2026-07-01 10:39:28,314: output_dropout: 0.4
2026-07-01 10:39:28,315: package_version: 1.13.0
2026-07-01 10:39:28,315: predict_last_n: 1
2026-07-01 10:39:28,315: run_dir: C:\GitHub\climate-change\NeuralHydrology\rq3_finetune\runs\rq3_finetuned_basin_01123000_0107_103928
2026-07-01 10:39:28,315: save_validation_results: True
2026-07-01 10:39:28,315: save_weights_every: 1
2026-07-01 10:39:28,315: seed: 1001
2026-07-01 10:39:28,315: seq_length: 365
2026-07-01 10:39:28,315: static_attributes: ['elev_mean', 'slope_mean', 'area_gages2', 'frac_forest', 'lai_max', 'lai_diff', 'gvf_max', 'gvf_diff', 'soil_depth_pelletier', 'soil_depth_statsgo', 'soil_porosity', 'soil_conductivity', 'max_water_content', 'sand_frac', 'silt_frac', 'clay_frac', 'carbonate_rocks_frac', 'geol_permeability', 'p_mean', 'pet_mean', 'aridity', 'frac_snow', 'high_prec_freq', 'high_prec_dur', 'low_prec_freq', 'low_prec_dur']
2026-07-01 10:39:28,315: target_variables: ['QObs(mm/d)']
2026-07-01 10:39:28,315: test_basin_file: C:\GitHub\climate-change\NeuralHydrology\rq3_finetune\basin_lists_multibasin\basin_01123000.txt
2026-07-01 10:39:28,315: test_end_date: 1999-09-30 00:00:00
2026-07-01 10:39:28,316: test_start_date: 1989-10-01 00:00:00
2026-07-01 10:39:28,316: train_basin_file: C:\GitHub\climate-change\NeuralHydrology\rq3_finetune\basin_lists_multibasin\basin_01123000.txt
2026-07-01 10:39:28,316: train_dir: C:\GitHub\climate-change\NeuralHydrology\rq3_finetune\runs\rq3_finetuned_basin_01123000_0107_103928\train_data
2026-07-01 10:39:28,316: train_end_date: 2008-09-30 00:00:00
2026-07-01 10:39:28,316: train_start_date: 1999-10-01 00:00:00
2026-07-01 10:39:28,316: validate_every: 3
2026-07-01 10:39:28,316: validate_n_random_basins: 10
2026-07-01 10:39:28,316: validation_basin_file: C:\GitHub\climate-change\NeuralHydrology\rq3_finetune\basin_lists_multibasin\basin_01123000.txt
2026-07-01 10:39:28,316: validation_end_date: 1989-09-30 00:00:00
2026-07-01 10:39:28,316: validation_start_date: 1980-10-01 00:00:00
2026-07-01 10:39:28,316: finetune_modules: ['head', 'lstm']
2026-07-01 10:39:28,316: base_run_dir: C:\GitHub\climate-change\runs\rq3_base_global_3006_154109
2026-07-01 10:39:28,316: is_finetuning: True
2026-07-01 10:39:28,317: is_continue_training: False
2026-07-01 10:39:28,318: ### Device cpu will be used for training
2026-07-01 10:39:28,429: Loading basin data into xarray data set.
2026-07-01 10:39:28,565: Calculating target variable stds per basin
2026-07-01 10:39:28,566: Create lookup table and convert to pytorch tensor
2026-07-01 10:39:28,593: Starting training from checkpoint C:\GitHub\climate-change\runs\rq3_base_global_3006_154109\model_epoch003.pt
2026-07-01 10:39:30,896: Epoch 1 average loss: avg_loss: 0.01195, avg_total_loss: 0.01195
2026-07-01 10:39:30,901: Setting learning rate to 5e-05
2026-07-01 10:39:33,124: Epoch 2 average loss: avg_loss: 0.01083, avg_total_loss: 0.01083
2026-07-01 10:39:35,362: Epoch 3 average loss: avg_loss: 0.01052, avg_total_loss: 0.01052
2026-07-01 10:39:35,910: Stored metrics at C:\GitHub\climate-change\NeuralHydrology\rq3_finetune\runs\rq3_finetuned_basin_01123000_0107_103928\validation\model_epoch003\validation_metrics.csv
2026-07-01 10:39:35,911: Stored results at C:\GitHub\climate-change\NeuralHydrology\rq3_finetune\runs\rq3_finetuned_basin_01123000_0107_103928\validation\model_epoch003\validation_results.p
2026-07-01 10:39:35,911: Epoch 3 average validation loss: 0.01067 -- Median validation metrics: avg_loss: 0.01067, NSE: 0.85288, KGE: 0.82022
2026-07-01 10:39:38,049: Epoch 4 average loss: avg_loss: 0.01020, avg_total_loss: 0.01020
2026-07-01 10:39:40,267: Epoch 5 average loss: avg_loss: 0.01168, avg_total_loss: 0.01168
2026-07-01 10:39:42,489: Epoch 6 average loss: avg_loss: 0.01012, avg_total_loss: 0.01012
2026-07-01 10:39:42,925: Stored metrics at C:\GitHub\climate-change\NeuralHydrology\rq3_finetune\runs\rq3_finetuned_basin_01123000_0107_103928\validation\model_epoch006\validation_metrics.csv
2026-07-01 10:39:42,926: Stored results at C:\GitHub\climate-change\NeuralHydrology\rq3_finetune\runs\rq3_finetuned_basin_01123000_0107_103928\validation\model_epoch006\validation_results.p
2026-07-01 10:39:42,926: Epoch 6 average validation loss: 0.01040 -- Median validation metrics: avg_loss: 0.01040, NSE: 0.85692, KGE: 0.82741
2026-07-01 10:39:45,144: Epoch 7 average loss: avg_loss: 0.00982, avg_total_loss: 0.00982
2026-07-01 10:39:47,349: Epoch 8 average loss: avg_loss: 0.01083, avg_total_loss: 0.01083
2026-07-01 10:39:49,683: Epoch 9 average loss: avg_loss: 0.01034, avg_total_loss: 0.01034
2026-07-01 10:39:50,128: Stored metrics at C:\GitHub\climate-change\NeuralHydrology\rq3_finetune\runs\rq3_finetuned_basin_01123000_0107_103928\validation\model_epoch009\validation_metrics.csv
2026-07-01 10:39:50,129: Stored results at C:\GitHub\climate-change\NeuralHydrology\rq3_finetune\runs\rq3_finetuned_basin_01123000_0107_103928\validation\model_epoch009\validation_results.p
2026-07-01 10:39:50,130: Epoch 9 average validation loss: 0.01036 -- Median validation metrics: avg_loss: 0.01036, NSE: 0.85784, KGE: 0.83033
2026-07-01 10:39:52,359: Epoch 10 average loss: avg_loss: 0.01085, avg_total_loss: 0.01085
2026-07-01 10:39:52,402: Using the model weights from C:\GitHub\climate-change\NeuralHydrology\rq3_finetune\runs\rq3_scratch_basin_01123000_0107_103905\model_epoch010.pt
2026-07-01 10:39:52,941: Stored metrics at C:\GitHub\climate-change\NeuralHydrology\rq3_finetune\runs\rq3_scratch_basin_01123000_0107_103905\test\model_epoch010\test_metrics.csv
2026-07-01 10:39:52,942: Stored results at C:\GitHub\climate-change\NeuralHydrology\rq3_finetune\runs\rq3_scratch_basin_01123000_0107_103905\test\model_epoch010\test_results.p
2026-07-01 10:39:52,976: Using the model weights from C:\GitHub\climate-change\NeuralHydrology\rq3_finetune\runs\rq3_finetuned_basin_01123000_0107_103928\model_epoch010.pt
2026-07-01 10:39:53,637: Stored metrics at C:\GitHub\climate-change\NeuralHydrology\rq3_finetune\runs\rq3_finetuned_basin_01123000_0107_103928\test\model_epoch010\test_metrics.csv
2026-07-01 10:39:53,638: Stored results at C:\GitHub\climate-change\NeuralHydrology\rq3_finetune\runs\rq3_finetuned_basin_01123000_0107_103928\test\model_epoch010\test_results.p
